orderNumber;productCode;quantityOrdered;priceEach;orderLineNumber;Montant
10100;S18_1749;30;136;3;4080
10100;S18_2248;50;55;2;2750
10100;S18_4409;22;75;4;1650
10100;S24_3969;49;35;1;1715
10101;S18_2325;25;108;4;2700
10101;S18_2795;26;167;1;4342
10101;S24_1937;45;33;3;1485
10101;S24_2022;46;44;2;2024
10102;S18_1342;39;96;2;3744
10102;S18_1367;41;43;1;1763
10103;S10_1949;26;214;11;5564
10103;S10_4962;42;120;4;5040
10103;S12_1666;27;122;8;3294
10103;S18_1097;35;95;10;3325
10103;S18_2432;22;58;2;1276
10103;S18_2949;27;92;12;2484
10103;S18_2957;35;62;14;2170
10103;S18_3136;25;87;13;2175
10103;S18_3320;46;86;16;3956
10103;S18_4600;36;98;5;3528
10103;S18_4668;41;41;9;1681
10103;S24_2300;36;107;1;3852
10103;S24_4258;25;89;15;2225
10103;S32_1268;31;92;3;2852
10103;S32_3522;45;63;7;2835
10103;S700_2824;42;94;6;3948
10104;S12_3148;34;131;1;4454
10104;S12_4473;41;111;9;4551
10104;S18_2238;24;136;8;3264
10104;S18_2319;29;123;12;3567
10104;S18_3232;23;166;13;3818
10104;S18_4027;38;119;3;4522
10104;S24_1444;35;52;6;1820
10104;S24_2840;44;30;10;1320
10104;S24_4048;26;106;5;2756
10104;S32_2509;35;52;11;1820
10104;S32_3207;49;57;4;2793
10104;S50_1392;33;115;7;3795
10104;S50_1514;32;53;2;1696
10105;S10_4757;50;128;2;6400
10105;S12_1108;41;206;15;8446
10105;S12_3891;29;142;14;4118
10105;S18_3140;22;137;11;3014
10105;S18_3259;38;88;13;3344
10105;S18_4522;41;75;10;3075
10105;S24_2011;43;118;9;5074
10105;S24_3151;44;73;4;3212
10105;S24_3816;50;75;1;3750
10105;S700_1138;41;54;5;2214
10105;S700_1938;29;87;12;2523
10105;S700_2610;31;61;3;1891
10105;S700_3505;39;92;6;3588
10105;S700_3962;22;99;7;2178
10105;S72_3212;25;45;8;1125
10106;S18_1662;36;134;12;4824
10106;S18_2581;34;81;2;2754
10106;S18_3029;41;81;18;3321
10106;S18_3856;41;94;17;3854
10106;S24_1785;28;107;4;2996
10106;S24_2841;49;66;13;3234
10106;S24_3420;31;56;14;1736
10106;S24_3949;50;56;11;2800
10106;S24_4278;26;71;3;1846
10106;S32_4289;33;65;5;2145
10106;S50_1341;39;36;6;1404
10106;S700_1691;31;91;7;2821
10106;S700_2047;30;85;16;2550
10106;S700_2466;34;100;9;3400
10106;S700_2834;32;114;1;3648
10106;S700_3167;44;76;8;3344
10106;S700_4002;48;70;10;3360
10106;S72_1253;48;44;15;2112
10107;S10_1678;30;81;2;2430
10107;S10_2016;39;106;5;4134
10107;S10_4698;27;172;4;4644
10107;S12_2823;21;122;1;2562
10107;S18_2625;29;53;6;1537
10107;S24_1578;25;97;3;2425
10107;S24_2000;38;73;7;2774
10107;S32_1374;20;89;8;1780
10108;S12_1099;33;165;6;5445
10108;S12_3380;45;96;4;4320
10108;S12_3990;39;76;7;2964
10108;S12_4675;36;107;3;3852
10108;S18_1889;38;68;2;2584
10108;S18_3278;26;73;9;1898
10108;S18_3482;29;132;8;3828
10108;S18_3782;43;53;12;2279
10108;S18_4721;44;140;11;6160
10108;S24_2360;35;64;15;2240
10108;S24_3371;30;60;5;1800
10108;S24_3856;40;132;1;5280
10108;S24_4620;31;67;10;2077
10108;S32_2206;27;36;13;972
10108;S32_4485;31;88;16;2728
10108;S50_4713;34;75;14;2550
10109;S18_1129;26;117;4;3042
10109;S18_1984;38;138;3;5244
10109;S18_2870;26;127;1;3302
10109;S18_3232;46;161;5;7406
10109;S18_3685;47;126;2;5922
10109;S24_2972;29;32;6;928
10110;S18_1589;37;118;16;4366
10110;S18_1749;42;153;7;6426
10110;S18_2248;32;51;6;1632
10110;S18_2325;33;116;4;3828
10110;S18_2795;31;164;1;5084
10110;S18_4409;28;82;8;2296
10110;S18_4933;42;62;9;2604
10110;S24_1046;36;72;13;2592
10110;S24_1628;29;43;15;1247
10110;S24_1937;20;29;3;580
10110;S24_2022;39;41;2;1599
10110;S24_2766;43;83;11;3569
10110;S24_2887;46;113;10;5198
10110;S24_3191;27;80;12;2160
10110;S24_3432;37;96;14;3552
10110;S24_3969;48;35;5;1680
10111;S18_1342;33;87;6;2871
10111;S18_1367;48;49;5;2352
10111;S18_2957;28;53;2;1484
10111;S18_3136;43;94;1;4042
10111;S18_3320;39;91;4;3549
10111;S24_4258;26;86;3;2236
10112;S10_1949;29;197;1;5713
10112;S18_2949;23;85;2;1955
10113;S12_1666;21;122;2;2562
10113;S18_1097;49;102;4;4998
10113;S18_4668;50;43;3;2150
10113;S32_3522;23;59;1;1357
10114;S10_4962;31;129;8;3999
10114;S18_2319;39;107;3;4173
10114;S18_2432;45;53;6;2385
10114;S18_3232;48;169;4;8112
10114;S18_4600;41;105;9;4305
10114;S24_2300;21;102;5;2142
10114;S24_2840;24;29;1;696
10114;S32_1268;32;89;7;2848
10114;S32_2509;28;44;2;1232
10114;S700_2824;42;83;10;3486
10115;S12_4473;46;111;5;5106
10115;S18_2238;46;141;4;6486
10115;S24_1444;47;57;2;2679
10115;S24_4048;44;106;1;4664
10115;S50_1392;27;101;3;2727
10116;S32_3207;27;60;1;1620
10117;S12_1108;33;195;9;6435
10117;S12_3148;43;148;10;6364
10117;S12_3891;39;173;8;6747
10117;S18_3140;26;122;5;3172
10117;S18_3259;21;82;7;1722
10117;S18_4027;22;122;12;2684
10117;S18_4522;23;74;4;1702
10117;S24_2011;41;119;3;4879
10117;S50_1514;21;56;11;1176
10117;S700_1938;38;75;6;2850
10117;S700_3962;45;89;1;4005
10117;S72_3212;50;52;2;2600
10118;S700_3505;36;86;1;3096
10119;S10_4757;46;113;11;5198
10119;S18_1662;43;151;3;6493
10119;S18_3029;21;75;9;1575
10119;S18_3856;27;95;8;2565
10119;S24_2841;41;64;4;2624
10119;S24_3151;35;73;13;2555
10119;S24_3420;20;63;5;1260
10119;S24_3816;35;82;10;2870
10119;S24_3949;28;62;2;1736
10119;S700_1138;25;57;14;1425
10119;S700_2047;29;74;7;2146
10119;S700_2610;38;67;12;2546
10119;S700_4002;26;64;1;1664
10119;S72_1253;28;40;6;1120
10120;S10_2016;29;119;3;3451
10120;S10_4698;46;159;2;7314
10120;S18_2581;29;83;8;2407
10120;S18_2625;46;58;4;2668
10120;S24_1578;35;110;1;3850
10120;S24_1785;39;93;10;3627
10120;S24_2000;34;72;5;2448
10120;S24_4278;29;72;9;2088
10120;S32_1374;22;95;6;2090
10120;S32_4289;29;69;11;2001
10120;S50_1341;49;41;12;2009
10120;S700_1691;47;91;13;4277
10120;S700_2466;24;82;15;1968
10120;S700_2834;24;107;7;2568
10120;S700_3167;43;72;14;3096
10121;S10_1678;34;86;5;2924
10121;S12_2823;50;127;4;6350
10121;S24_2360;32;58;2;1856
10121;S32_4485;25;96;3;2400
10121;S50_4713;44;72;1;3168
10122;S12_1099;42;156;10;6552
10122;S12_3380;37;114;8;4218
10122;S12_3990;32;65;11;2080
10122;S12_4675;20;105;7;2100
10122;S18_1129;34;115;2;3910
10122;S18_1889;43;62;6;2666
10122;S18_1984;31;114;1;3534
10122;S18_3232;25;137;3;3425
10122;S18_3278;21;69;13;1449
10122;S18_3482;21;134;12;2814
10122;S18_3782;35;59;16;2065
10122;S18_4721;28;146;15;4088
10122;S24_2972;39;35;4;1365
10122;S24_3371;34;51;9;1734
10122;S24_3856;43;136;5;5848
10122;S24_4620;29;67;14;1943
10122;S32_2206;31;34;17;1054
10123;S18_1589;26;121;2;3146
10123;S18_2870;46;115;3;5290
10123;S18_3685;34;117;4;3978
10123;S24_1628;50;43;1;2150
10124;S18_1749;21;153;6;3213
10124;S18_2248;42;58;5;2436
10124;S18_2325;42;112;3;4704
10124;S18_4409;36;75;7;2700
10124;S18_4933;23;66;8;1518
10124;S24_1046;22;62;12;1364
10124;S24_1937;45;31;2;1395
10124;S24_2022;22;36;1;792
10124;S24_2766;32;75;10;2400
10124;S24_2887;25;94;9;2350
10124;S24_3191;49;76;11;3724
10124;S24_3432;43;102;13;4386
10124;S24_3969;46;36;4;1656
10125;S18_1342;32;89;1;2848
10125;S18_2795;34;138;2;4692
10126;S10_1949;38;206;11;7828
10126;S10_4962;22;123;4;2706
10126;S12_1666;21;135;8;2835
10126;S18_1097;38;117;10;4446
10126;S18_1367;42;51;17;2142
10126;S18_2432;43;51;2;2193
10126;S18_2949;31;93;12;2883
10126;S18_2957;46;62;14;2852
10126;S18_3136;30;93;13;2790
10126;S18_3320;38;94;16;3572
10126;S18_4600;50;103;5;5150
10126;S18_4668;43;47;9;2021
10126;S24_2300;27;123;1;3321
10126;S24_4258;34;84;15;2856
10126;S32_1268;43;83;3;3569
10126;S32_3522;26;62;7;1612
10126;S700_2824;45;97;6;4365
10127;S12_1108;46;193;2;8878
10127;S12_3148;46;141;3;6486
10127;S12_3891;42;170;1;7140
10127;S12_4473;24;101;11;2424
10127;S18_2238;45;141;10;6345
10127;S18_2319;45;114;14;5130
10127;S18_3232;22;149;15;3278
10127;S18_4027;25;126;5;3150
10127;S24_1444;20;51;8;1020
10127;S24_2840;39;34;12;1326
10127;S24_4048;20;108;7;2160
10127;S32_2509;45;47;13;2115
10127;S32_3207;29;61;6;1769
10127;S50_1392;46;111;9;5106
10127;S50_1514;46;56;4;2576
10128;S18_3140;41;120;2;4920
10128;S18_3259;41;81;4;3321
10128;S18_4522;43;77;1;3311
10128;S700_1938;32;73;3;2336
10129;S10_4757;33;124;2;4092
10129;S24_2011;45;113;9;5085
10129;S24_3151;41;81;4;3321
10129;S24_3816;50;76;1;3800
10129;S700_1138;31;59;5;1829
10129;S700_2610;45;72;3;3240
10129;S700_3505;42;90;6;3780
10129;S700_3962;30;94;7;2820
10129;S72_3212;32;44;8;1408
10130;S18_3029;40;69;2;2760
10130;S18_3856;33;100;1;3300
10131;S18_1662;21;142;4;2982
10131;S24_2841;35;61;5;2135
10131;S24_3420;29;53;6;1537
10131;S24_3949;50;55;3;2750
10131;S700_2047;22;77;8;1694
10131;S700_2466;40;87;1;3480
10131;S700_4002;26;64;2;1664
10131;S72_1253;21;40;7;840
10132;S700_3167;36;80;1;2880
10133;S18_2581;49;80;3;3920
10133;S24_1785;41;109;5;4469
10133;S24_4278;46;62;4;2852
10133;S32_1374;23;81;1;1863
10133;S32_4289;49;67;6;3283
10133;S50_1341;27;37;7;999
10133;S700_1691;24;77;8;1848
10133;S700_2834;27;115;2;3105
10134;S10_1678;41;91;2;3731
10134;S10_2016;27;117;5;3159
10134;S10_4698;31;188;4;5828
10134;S12_2823;20;131;1;2620
10134;S18_2625;30;51;6;1530
10134;S24_1578;35;95;3;3325
10134;S24_2000;43;75;7;3225
10135;S12_1099;42;173;7;7266
10135;S12_3380;48;110;5;5280
10135;S12_3990;24;73;8;1752
10135;S12_4675;29;104;4;3016
10135;S18_1889;48;67;3;3216
10135;S18_3278;45;66;10;2970
10135;S18_3482;42;140;9;5880
10135;S18_3782;45;50;13;2250
10135;S18_4721;31;134;12;4154
10135;S24_2360;29;67;16;1943
10135;S24_2972;20;34;1;680
10135;S24_3371;27;52;6;1404
10135;S24_3856;47;139;2;6533
10135;S24_4620;23;77;11;1771
10135;S32_2206;33;39;14;1287
10135;S32_4485;30;92;17;2760
10135;S50_4713;44;79;15;3476
10136;S18_1129;25;117;2;2925
10136;S18_1984;36;121;1;4356
10136;S18_3232;41;169;3;6929
10137;S18_1589;44;116;2;5104
10137;S18_2870;37;111;3;4107
10137;S18_3685;31;119;4;3689
10137;S24_1628;26;40;1;1040
10138;S18_1749;33;150;6;4950
10138;S18_2248;22;51;5;1122
10138;S18_2325;38;114;3;4332
10138;S18_4409;47;79;7;3713
10138;S18_4933;23;65;8;1495
10138;S24_1046;45;60;12;2700
10138;S24_1937;22;33;2;726
10138;S24_2022;33;39;1;1287
10138;S24_2766;28;74;10;2072
10138;S24_2887;30;96;9;2880
10138;S24_3191;49;77;11;3773
10138;S24_3432;21;100;13;2100
10138;S24_3969;29;33;4;957
10139;S18_1342;31;89;7;2759
10139;S18_1367;49;53;6;2597
10139;S18_2795;41;152;8;6232
10139;S18_2949;46;91;1;4186
10139;S18_2957;20;52;3;1040
10139;S18_3136;20;102;2;2040
10139;S18_3320;30;81;5;2430
10139;S24_4258;29;93;4;2697
10140;S10_1949;37;186;11;6882
10140;S10_4962;26;131;4;3406
10140;S12_1666;38;119;8;4522
10140;S18_1097;32;96;10;3072
10140;S18_2432;46;51;2;2346
10140;S18_4600;40;101;5;4040
10140;S18_4668;29;40;9;1160
10140;S24_2300;47;119;1;5593
10140;S32_1268;26;88;3;2288
10140;S32_3522;28;62;7;1736
10140;S700_2824;36;101;6;3636
10141;S12_4473;21;115;5;2415
10141;S18_2238;39;160;4;6240
10141;S18_2319;47;103;8;4841
10141;S18_3232;34;144;9;4896
10141;S24_1444;20;51;2;1020
10141;S24_2840;21;32;6;672
10141;S24_4048;40;104;1;4160
10141;S32_2509;24;53;7;1272
10141;S50_1392;44;95;3;4180
10142;S12_1108;33;166;12;5478
10142;S12_3148;33;141;13;4653
10142;S12_3891;46;168;11;7728
10142;S18_3140;47;130;8;6110
10142;S18_3259;22;96;10;2112
10142;S18_4027;24;122;15;2928
10142;S18_4522;24;80;7;1920
10142;S24_2011;33;114;6;3762
10142;S24_3151;49;74;1;3626
10142;S32_3207;42;61;16;2562
10142;S50_1514;42;56;14;2352
10142;S700_1138;41;55;2;2255
10142;S700_1938;43;77;9;3311
10142;S700_3505;21;92;3;1932
10142;S700_3962;38;91;4;3458
10142;S72_3212;39;47;5;1833
10143;S10_4757;49;133;15;6517
10143;S18_1662;32;126;7;4032
10143;S18_3029;46;71;13;3266
10143;S18_3856;34;100;12;3400
10143;S24_2841;27;64;8;1728
10143;S24_3420;33;60;9;1980
10143;S24_3816;23;75;14;1725
10143;S24_3949;28;56;6;1568
10143;S50_1341;34;35;1;1190
10143;S700_1691;36;87;2;3132
10143;S700_2047;26;88;11;2288
10143;S700_2466;26;80;4;2080
10143;S700_2610;31;69;16;2139
10143;S700_3167;28;70;3;1960
10143;S700_4002;34;65;5;2210
10143;S72_1253;37;50;10;1850
10144;S32_4289;20;56;1;1120
10145;S10_1678;45;77;6;3465
10145;S10_2016;37;105;9;3885
10145;S10_4698;33;155;8;5115
10145;S12_2823;49;146;5;7154
10145;S18_2581;30;72;14;2160
10145;S18_2625;30;53;10;1590
10145;S24_1578;43;104;7;4472
10145;S24_1785;40;88;16;3520
10145;S24_2000;47;64;11;3008
10145;S24_2360;27;56;3;1512
10145;S24_4278;33;72;15;2376
10145;S32_1374;33;100;12;3300
10145;S32_2206;31;39;1;1209
10145;S32_4485;27;96;4;2592
10145;S50_4713;38;73;2;2774
10145;S700_2834;20;114;13;2280
10146;S18_3782;47;60;2;2820
10146;S18_4721;29;131;1;3799
10147;S12_1099;48;161;7;7728
10147;S12_3380;31;110;5;3410
10147;S12_3990;21;74;8;1554
10147;S12_4675;33;98;4;3234
10147;S18_1889;26;71;3;1846
10147;S18_3278;36;75;10;2700
10147;S18_3482;37;129;9;4773
10147;S24_2972;25;33;1;825
10147;S24_3371;30;49;6;1470
10147;S24_3856;23;124;2;2852
10147;S24_4620;31;73;11;2263
10148;S18_1129;23;115;13;2645
10148;S18_1589;47;108;9;5076
10148;S18_1984;25;137;12;3425
10148;S18_2870;27;114;10;3078
10148;S18_3232;32;144;14;4608
10148;S18_3685;28;136;11;3808
10148;S18_4409;34;84;1;2856
10148;S18_4933;29;66;2;1914
10148;S24_1046;25;65;6;1625
10148;S24_1628;47;46;8;2162
10148;S24_2766;21;77;4;1617
10148;S24_2887;34;115;3;3910
10148;S24_3191;31;72;5;2232
10148;S24_3432;27;96;7;2592
10149;S18_1342;50;87;4;4350
10149;S18_1367;30;49;3;1470
10149;S18_1749;34;156;11;5304
10149;S18_2248;24;51;10;1224
10149;S18_2325;33;126;8;4158
10149;S18_2795;23;167;5;3841
10149;S18_3320;42;89;2;3738
10149;S24_1937;36;31;7;1116
10149;S24_2022;49;40;6;1960
10149;S24_3969;26;39;9;1014
10149;S24_4258;20;91;1;1820
10150;S10_1949;45;182;8;8190
10150;S10_4962;20;121;1;2420
10150;S12_1666;30;135;5;4050
10150;S18_1097;34;96;7;3264
10150;S18_2949;47;93;9;4371
10150;S18_2957;30;56;11;1680
10150;S18_3136;26;97;10;2522
10150;S18_4600;49;111;2;5439
10150;S18_4668;30;47;6;1410
10150;S32_3522;49;62;4;3038
10150;S700_2824;20;95;3;1900
10151;S12_4473;24;115;3;2760
10151;S18_2238;43;152;2;6536
10151;S18_2319;49;107;6;5243
10151;S18_2432;39;58;9;2262
10151;S18_3232;21;168;7;3528
10151;S24_2300;42;110;8;4620
10151;S24_2840;30;29;4;870
10151;S32_1268;27;85;10;2295
10151;S32_2509;41;43;5;1763
10151;S50_1392;26;109;1;2834
10152;S18_4027;35;118;1;4130
10152;S24_1444;25;49;4;1225
10152;S24_4048;23;112;3;2576
10152;S32_3207;33;57;2;1881
10153;S12_1108;20;202;11;4040
10153;S12_3148;42;128;12;5376
10153;S12_3891;49;156;10;7644
10153;S18_3140;31;126;7;3906
10153;S18_3259;29;83;9;2407
10153;S18_4522;22;83;6;1826
10153;S24_2011;40;112;5;4480
10153;S50_1514;31;53;13;1643
10153;S700_1138;43;58;1;2494
10153;S700_1938;31;81;8;2511
10153;S700_3505;50;87;2;4350
10153;S700_3962;20;85;3;1700
10153;S72_3212;50;52;4;2600
10154;S24_3151;31;75;2;2325
10154;S700_2610;36;59;1;2124
10155;S10_4757;32;129;13;4128
10155;S18_1662;38;139;5;5282
10155;S18_3029;44;83;11;3652
10155;S18_3856;29;106;10;3074
10155;S24_2841;23;62;6;1426
10155;S24_3420;34;57;7;1938
10155;S24_3816;37;76;12;2812
10155;S24_3949;44;59;4;2596
10155;S700_2047;32;90;9;2880
10155;S700_2466;20;88;2;1760
10155;S700_3167;43;77;1;3311
10155;S700_4002;44;70;3;3080
10155;S72_1253;34;49;8;1666
10156;S50_1341;20;44;1;880
10156;S700_1691;48;78;2;3744
10157;S18_2581;33;69;3;2277
10157;S24_1785;40;90;5;3600
10157;S24_4278;33;67;4;2211
10157;S32_1374;34;84;1;2856
10157;S32_4289;28;56;6;1568
10157;S700_2834;48;109;2;5232
10158;S24_2000;22;68;1;1496
10159;S10_1678;49;81;14;3969
10159;S10_2016;37;101;17;3737
10159;S10_4698;22;170;16;3740
10159;S12_1099;41;189;2;7749
10159;S12_2823;38;131;13;4978
10159;S12_3990;24;67;3;1608
10159;S18_2625;42;51;18;2142
10159;S18_3278;21;67;5;1407
10159;S18_3482;25;129;4;3225
10159;S18_3782;21;55;8;1155
10159;S18_4721;32;143;7;4576
10159;S24_1578;44;100;15;4400
10159;S24_2360;27;67;11;1809
10159;S24_3371;50;50;1;2500
10159;S24_4620;23;81;6;1863
10159;S32_2206;35;39;9;1365
10159;S32_4485;23;87;12;2001
10159;S50_4713;31;78;10;2418
10160;S12_3380;46;96;6;4416
10160;S12_4675;50;93;5;4650
10160;S18_1889;38;71;4;2698
10160;S18_3232;20;141;1;2820
10160;S24_2972;42;31;2;1302
10160;S24_3856;35;131;3;4585
10161;S18_1129;28;122;12;3416
10161;S18_1589;43;102;8;4386
10161;S18_1984;48;139;11;6672
10161;S18_2870;23;125;9;2875
10161;S18_3685;36;133;10;4788
10161;S18_4933;25;63;1;1575
10161;S24_1046;37;73;5;2701
10161;S24_1628;23;47;7;1081
10161;S24_2766;20;83;3;1660
10161;S24_2887;25;108;2;2700
10161;S24_3191;20;73;4;1460
10161;S24_3432;30;94;6;2820
10162;S18_1342;48;87;2;4176
10162;S18_1367;45;45;1;2025
10162;S18_1749;29;141;9;4089
10162;S18_2248;27;53;8;1431
10162;S18_2325;38;113;6;4294
10162;S18_2795;48;157;3;7536
10162;S18_4409;39;87;10;3393
10162;S24_1937;37;28;5;1036
10162;S24_2022;43;39;4;1677
10162;S24_3969;37;33;7;1221
10163;S10_1949;21;212;1;4452
10163;S18_2949;31;101;2;3131
10163;S18_2957;48;60;4;2880
10163;S18_3136;40;102;3;4080
10163;S18_3320;43;80;6;3440
10163;S24_4258;42;96;5;4032
10164;S10_4962;21;143;2;3003
10164;S12_1666;49;122;6;5978
10164;S18_1097;36;104;8;3744
10164;S18_4600;45;108;3;4860
10164;S18_4668;25;46;7;1150
10164;S32_1268;24;91;1;2184
10164;S32_3522;49;58;5;2842
10164;S700_2824;39;87;4;3393
10165;S12_1108;44;168;3;7392
10165;S12_3148;34;124;4;4216
10165;S12_3891;27;152;2;4104
10165;S12_4473;48;109;12;5232
10165;S18_2238;29;134;11;3886
10165;S18_2319;46;120;15;5520
10165;S18_2432;31;61;18;1891
10165;S18_3232;47;154;16;7238
10165;S18_3259;50;85;1;4250
10165;S18_4027;28;124;6;3472
10165;S24_1444;25;47;9;1175
10165;S24_2300;32;118;17;3776
10165;S24_2840;27;31;13;837
10165;S24_4048;24;106;8;2544
10165;S32_2509;48;51;14;2448
10165;S32_3207;44;55;7;2420
10165;S50_1392;48;106;10;5088
10165;S50_1514;38;49;5;1862
10166;S18_3140;43;137;2;5891
10166;S18_4522;26;73;1;1898
10166;S700_1938;29;76;3;2204
10167;S10_4757;44;124;9;5456
10167;S18_1662;43;142;1;6106
10167;S18_3029;46;70;7;3220
10167;S18_3856;34;85;6;2890
10167;S24_2011;33;111;16;3663
10167;S24_2841;21;55;2;1155
10167;S24_3151;20;77;11;1540
10167;S24_3420;32;64;3;2048
10167;S24_3816;29;74;8;2146
10167;S700_1138;43;66;12;2838
10167;S700_2047;29;88;5;2552
10167;S700_2610;46;62;10;2852
10167;S700_3505;24;85;13;2040
10167;S700_3962;28;83;14;2324
10167;S72_1253;40;43;4;1720
10167;S72_3212;38;44;15;1672
10168;S10_1678;36;95;1;3420
10168;S10_2016;27;98;4;2646
10168;S10_4698;20;161;3;3220
10168;S18_2581;21;75;9;1575
10168;S18_2625;46;49;5;2254
10168;S24_1578;50;104;2;5200
10168;S24_1785;49;93;11;4557
10168;S24_2000;29;72;6;2088
10168;S24_3949;27;57;18;1539
10168;S24_4278;48;68;10;3264
10168;S32_1374;28;90;7;2520
10168;S32_4289;31;58;12;1798
10168;S50_1341;48;40;13;1920
10168;S700_1691;28;91;14;2548
10168;S700_2466;31;88;16;2728
10168;S700_2834;36;95;8;3420
10168;S700_3167;48;72;15;3456
10168;S700_4002;39;67;17;2613
10169;S12_1099;30;163;2;4890
10169;S12_2823;35;127;13;4445
10169;S12_3990;36;72;3;2592
10169;S18_3278;32;65;5;2080
10169;S18_3482;36;137;4;4932
10169;S18_3782;38;53;8;2014
10169;S18_4721;33;121;7;3993
10169;S24_2360;38;66;11;2508
10169;S24_3371;34;53;1;1802
10169;S24_4620;24;78;6;1872
10169;S32_2206;26;37;9;962
10169;S32_4485;34;84;12;2856
10169;S50_4713;48;76;10;3648
10170;S12_3380;47;116;4;5452
10170;S12_4675;41;93;3;3813
10170;S18_1889;20;70;2;1400
10170;S24_3856;34;131;1;4454
10171;S18_1129;35;134;2;4690
10171;S18_1984;35;128;1;4480
10171;S18_3232;39;166;3;6474
10171;S24_2972;36;35;4;1260
10172;S18_1589;42;110;6;4620
10172;S18_2870;39;117;7;4563
10172;S18_3685;48;140;8;6720
10172;S24_1046;32;61;3;1952
10172;S24_1628;34;43;5;1462
10172;S24_2766;22;80;1;1760
10172;S24_3191;24;78;2;1872
10172;S24_3432;22;88;4;1936
10173;S18_1342;43;102;6;4386
10173;S18_1367;48;52;5;2496
10173;S18_1749;24;168;13;4032
10173;S18_2248;26;55;12;1430
10173;S18_2325;31;127;10;3937
10173;S18_2795;22;140;7;3080
10173;S18_2957;28;57;2;1596
10173;S18_3136;31;87;1;2697
10173;S18_3320;29;90;4;2610
10173;S18_4409;21;77;14;1617
10173;S18_4933;39;58;15;2262
10173;S24_1937;31;30;9;930
10173;S24_2022;27;39;8;1053
10173;S24_2887;23;99;16;2277
10173;S24_3969;35;36;11;1260
10173;S24_4258;22;93;3;2046
10174;S10_1949;34;208;4;7072
10174;S12_1666;43;113;1;4859
10174;S18_1097;48;109;3;5232
10174;S18_2949;46;100;5;4600
10174;S18_4668;49;44;2;2156
10175;S10_4962;33;120;9;3960
10175;S12_4473;26;109;1;2834
10175;S18_2319;48;102;4;4896
10175;S18_2432;41;60;7;2460
10175;S18_3232;29;151;5;4379
10175;S18_4600;47;103;10;4841
10175;S24_2300;28;121;6;3388
10175;S24_2840;37;32;2;1184
10175;S32_1268;22;90;8;1980
10175;S32_2509;50;51;3;2550
10175;S32_3522;29;56;12;1624
10175;S700_2824;42;81;11;3402
10176;S12_1108;33;166;2;5478
10176;S12_3148;47;145;3;6815
10176;S12_3891;50;161;1;8050
10176;S18_2238;20;139;10;2780
10176;S18_4027;36;141;5;5076
10176;S24_1444;27;55;8;1485
10176;S24_4048;29;102;7;2958
10176;S32_3207;22;62;6;1364
10176;S50_1392;23;110;9;2530
10176;S50_1514;38;52;4;1976
10177;S18_3140;23;113;9;2599
10177;S18_3259;29;93;11;2697
10177;S18_4522;35;83;8;2905
10177;S24_2011;50;116;7;5800
10177;S24_3151;45;80;2;3600
10177;S700_1138;24;59;3;1416
10177;S700_1938;31;78;10;2418
10177;S700_2610;32;64;1;2048
10177;S700_3505;44;88;4;3872
10177;S700_3962;24;83;5;1992
10177;S72_3212;40;53;6;2120
10178;S10_4757;24;132;12;3168
10178;S18_1662;42;128;4;5376
10178;S18_3029;41;71;10;2911
10178;S18_3856;48;105;9;5040
10178;S24_2841;34;68;5;2312
10178;S24_3420;27;66;6;1782
10178;S24_3816;21;69;11;1449
10178;S24_3949;30;64;3;1920
10178;S700_2047;34;87;8;2958
10178;S700_2466;22;92;1;2024
10178;S700_4002;45;68;2;3060
10178;S72_1253;45;42;7;1890
10179;S18_2581;24;83;3;1992
10179;S24_1785;47;105;5;4935
10179;S24_4278;27;67;4;1809
10179;S32_1374;45;87;1;3915
10179;S32_4289;24;64;6;1536
10179;S50_1341;34;43;7;1462
10179;S700_1691;23;76;8;1748
10179;S700_2834;25;98;2;2450
10179;S700_3167;39;80;9;3120
10180;S10_1678;29;77;9;2233
10180;S10_2016;42;100;12;4200
10180;S10_4698;41;165;11;6765
10180;S12_2823;40;131;8;5240
10180;S18_2625;25;48;13;1200
10180;S18_3782;21;59;3;1239
10180;S18_4721;44;147;2;6468
10180;S24_1578;48;98;10;4704
10180;S24_2000;28;62;14;1736
10180;S24_2360;35;61;6;2135
10180;S24_4620;28;69;1;1932
10180;S32_2206;34;33;4;1122
10180;S32_4485;22;102;7;2244
10180;S50_4713;21;75;5;1575
10181;S12_1099;27;156;14;4212
10181;S12_3380;28;114;12;3192
10181;S12_3990;20;67;15;1340
10181;S12_4675;36;107;11;3852
10181;S18_1129;44;125;6;5500
10181;S18_1589;42;124;2;5208
10181;S18_1889;22;75;10;1650
10181;S18_1984;21;129;5;2709
10181;S18_2870;27;131;3;3537
10181;S18_3232;45;147;7;6615
10181;S18_3278;30;73;17;2190
10181;S18_3482;22;121;16;2662
10181;S18_3685;39;137;4;5343
10181;S24_1628;34;45;1;1530
10181;S24_2972;37;33;8;1221
10181;S24_3371;23;54;13;1242
10181;S24_3856;25;122;9;3050
10182;S18_1342;25;83;3;2075
10182;S18_1367;32;44;2;1408
10182;S18_1749;44;160;10;7040
10182;S18_2248;38;54;9;2052
10182;S18_2325;20;106;7;2120
10182;S18_2795;21;135;4;2835
10182;S18_3320;33;86;1;2838
10182;S18_4409;36;88;11;3168
10182;S18_4933;44;61;12;2684
10182;S24_1046;47;63;16;2961
10182;S24_1937;39;32;6;1248
10182;S24_2022;31;40;5;1240
10182;S24_2766;36;87;14;3132
10182;S24_2887;20;116;13;2320
10182;S24_3191;33;74;15;2442
10182;S24_3432;49;95;17;4655
10182;S24_3969;23;35;8;805
10183;S10_1949;23;180;8;4140
10183;S10_4962;28;127;1;3556
10183;S12_1666;41;115;5;4715
10183;S18_1097;21;109;7;2289
10183;S18_2949;37;91;9;3367
10183;S18_2957;39;51;11;1989
10183;S18_3136;22;90;10;1980
10183;S18_4600;21;119;2;2499
10183;S18_4668;40;42;6;1680
10183;S24_4258;47;82;12;3854
10183;S32_3522;49;52;4;2548
10183;S700_2824;23;86;3;1978
10184;S12_4473;37;105;6;3885
10184;S18_2238;46;146;5;6716
10184;S18_2319;46;119;9;5474
10184;S18_2432;44;61;12;2684
10184;S18_3232;28;166;10;4648
10184;S24_1444;31;57;3;1767
10184;S24_2300;24;118;11;2832
10184;S24_2840;42;30;7;1260
10184;S24_4048;49;115;2;5635
10184;S32_1268;46;85;13;3910
10184;S32_2509;33;52;8;1716
10184;S32_3207;48;59;1;2832
10184;S50_1392;45;93;4;4185
10185;S12_1108;21;195;13;4095
10185;S12_3148;33;147;14;4851
10185;S12_3891;43;147;12;6321
10185;S18_3140;28;124;9;3472
10185;S18_3259;49;95;11;4655
10185;S18_4027;39;128;16;4992
10185;S18_4522;47;88;8;4136
10185;S24_2011;30;106;7;3180
10185;S24_3151;33;83;2;2739
10185;S50_1514;20;47;15;940
10185;S700_1138;21;65;3;1365
10185;S700_1938;30;80;10;2400
10185;S700_2610;39;61;1;2379
10185;S700_3505;37;99;4;3663
10185;S700_3962;22;93;5;2046
10185;S72_3212;28;48;6;1344
10186;S10_4757;26;109;9;2834
10186;S18_1662;32;137;1;4384
10186;S18_3029;32;73;7;2336
10186;S18_3856;46;98;6;4508
10186;S24_2841;22;60;2;1320
10186;S24_3420;21;60;3;1260
10186;S24_3816;36;69;8;2484
10186;S700_2047;24;81;5;1944
10186;S72_1253;28;43;4;1204
10187;S18_2581;45;70;1;3150
10187;S24_1785;46;96;3;4416
10187;S24_3949;43;56;10;2408
10187;S24_4278;33;64;2;2112
10187;S32_4289;31;61;4;1891
10187;S50_1341;41;40;5;1640
10187;S700_1691;34;85;6;2890
10187;S700_2466;44;96;8;4224
10187;S700_3167;34;72;7;2448
10187;S700_4002;44;70;9;3080
10188;S10_1678;48;96;1;4608
10188;S10_2016;38;112;4;4256
10188;S10_4698;45;182;3;8190
10188;S18_2625;32;52;5;1664
10188;S24_1578;25;96;2;2400
10188;S24_2000;40;62;6;2480
10188;S32_1374;44;82;7;3608
10188;S700_2834;29;96;8;2784
10189;S12_2823;28;139;1;3892
10190;S24_2360;42;59;3;2478
10190;S32_2206;46;39;1;1794
10190;S32_4485;42;90;4;3780
10190;S50_4713;40;68;2;2720
10191;S12_1099;21;156;3;3276
10191;S12_3380;40;105;1;4200
10191;S12_3990;30;70;4;2100
10191;S18_3278;36;76;6;2736
10191;S18_3482;23;119;5;2737
10191;S18_3782;43;61;9;2623
10191;S18_4721;32;137;8;4384
10191;S24_3371;48;53;2;2544
10191;S24_4620;44;78;7;3432
10192;S12_4675;27;99;16;2673
10192;S18_1129;22;140;11;3080
10192;S18_1589;29;101;7;2929
10192;S18_1889;45;71;15;3195
10192;S18_1984;47;128;10;6016
10192;S18_2870;38;111;8;4218
10192;S18_3232;26;137;12;3562
10192;S18_3685;45;126;9;5670
10192;S24_1046;37;72;4;2664
10192;S24_1628;47;49;6;2303
10192;S24_2766;46;86;2;3956
10192;S24_2887;23;113;1;2599
10192;S24_2972;30;33;13;990
10192;S24_3191;32;69;3;2208
10192;S24_3432;46;93;5;4278
10192;S24_3856;45;112;14;5040
10193;S18_1342;28;92;7;2576
10193;S18_1367;46;46;6;2116
10193;S18_1749;21;153;14;3213
10193;S18_2248;42;61;13;2562
10193;S18_2325;44;116;11;5104
10193;S18_2795;22;143;8;3146
10193;S18_2949;28;87;1;2436
10193;S18_2957;24;53;3;1272
10193;S18_3136;23;97;2;2231
10193;S18_3320;32;79;5;2528
10193;S18_4409;24;92;15;2208
10193;S18_4933;25;66;16;1650
10193;S24_1937;26;32;10;832
10193;S24_2022;20;45;9;900
10193;S24_3969;22;38;12;836
10193;S24_4258;20;93;4;1860
10194;S10_1949;42;204;11;8568
10194;S10_4962;26;134;4;3484
10194;S12_1666;38;124;8;4712
10194;S18_1097;21;104;10;2184
10194;S18_2432;45;51;2;2295
10194;S18_4600;32;114;5;3648
10194;S18_4668;41;48;9;1968
10194;S24_2300;49;112;1;5488
10194;S32_1268;37;77;3;2849
10194;S32_3522;39;61;7;2379
10194;S700_2824;26;81;6;2106
10195;S12_4473;49;119;6;5831
10195;S18_2238;27;139;5;3753
10195;S18_2319;35;113;9;3955
10195;S18_3232;50;151;10;7550
10195;S24_1444;44;54;3;2376
10195;S24_2840;32;32;7;1024
10195;S24_4048;34;96;2;3264
10195;S32_2509;32;52;8;1664
10195;S32_3207;33;59;1;1947
10195;S50_1392;49;97;4;4753
10196;S12_1108;47;204;5;9588
10196;S12_3148;24;151;6;3624
10196;S12_3891;38;147;4;5586
10196;S18_3140;49;127;1;6223
10196;S18_3259;35;82;3;2870
10196;S18_4027;27;126;8;3402
10196;S50_1514;46;57;7;2622
10196;S700_1938;50;85;2;4250
10197;S10_4757;45;118;6;5310
10197;S18_3029;46;83;4;3818
10197;S18_3856;22;86;3;1892
10197;S18_4522;50;79;14;3950
10197;S24_2011;41;109;13;4469
10197;S24_3151;47;83;8;3901
10197;S24_3816;22;68;5;1496
10197;S700_1138;23;60;9;1380
10197;S700_2047;24;79;2;1896
10197;S700_2610;50;67;7;3350
10197;S700_3505;27;100;10;2700
10197;S700_3962;35;88;11;3080
10197;S72_1253;29;40;1;1160
10197;S72_3212;42;49;12;2058
10198;S18_1662;42;150;4;6300
10198;S24_2841;48;61;5;2928
10198;S24_3420;27;62;6;1674
10198;S24_3949;43;66;3;2838
10198;S700_2466;42;95;1;3990
10198;S700_4002;40;74;2;2960
10199;S50_1341;29;38;1;1102
10199;S700_1691;48;81;2;3888
10199;S700_3167;38;70;3;2660
10200;S18_2581;28;74;3;2072
10200;S24_1785;33;100;5;3300
10200;S24_4278;39;70;4;2730
10200;S32_1374;35;81;1;2835
10200;S32_4289;27;65;6;1755
10200;S700_2834;39;115;2;4485
10201;S10_1678;22;82;2;1804
10201;S10_2016;24;117;5;2808
10201;S10_4698;49;192;4;9408
10201;S12_2823;25;127;1;3175
10201;S18_2625;30;48;6;1440
10201;S24_1578;39;94;3;3666
10201;S24_2000;25;66;7;1650
10202;S18_3782;30;55;3;1650
10202;S18_4721;43;125;2;5375
10202;S24_2360;50;56;6;2800
10202;S24_4620;50;75;1;3750
10202;S32_2206;27;33;4;891
10202;S32_4485;31;82;7;2542
10202;S50_4713;40;80;5;3200
10203;S12_1099;20;161;8;3220
10203;S12_3380;20;112;6;2240
10203;S12_3990;44;64;9;2816
10203;S12_4675;47;115;5;5405
10203;S18_1889;45;73;4;3285
10203;S18_3232;48;157;1;7536
10203;S18_3278;33;67;11;2211
10203;S18_3482;32;128;10;4096
10203;S24_2972;21;33;2;693
10203;S24_3371;34;57;7;1938
10203;S24_3856;47;140;3;6580
10204;S18_1129;42;115;17;4830
10204;S18_1589;40;113;13;4520
10204;S18_1749;33;153;4;5049
10204;S18_1984;38;134;16;5092
10204;S18_2248;23;59;3;1357
10204;S18_2325;26;120;1;3120
10204;S18_2870;27;107;14;2889
10204;S18_3685;35;133;15;4655
10204;S18_4409;29;84;5;2436
10204;S18_4933;45;70;6;3150
10204;S24_1046;20;70;10;1400
10204;S24_1628;45;47;12;2115
10204;S24_2766;47;79;8;3713
10204;S24_2887;42;113;7;4746
10204;S24_3191;40;85;9;3400
10204;S24_3432;48;105;11;5040
10204;S24_3969;39;35;2;1365
10205;S18_1342;36;99;2;3564
10205;S18_1367;48;46;1;2208
10205;S18_2795;40;138;3;5520
10205;S24_1937;32;28;5;896
10205;S24_2022;24;37;4;888
10206;S10_1949;47;204;6;9588
10206;S12_1666;28;109;3;3052
10206;S18_1097;34;116;5;3944
10206;S18_2949;37;98;7;3626
10206;S18_2957;28;52;9;1456
10206;S18_3136;30;103;8;3090
10206;S18_3320;28;99;11;2772
10206;S18_4668;21;46;4;966
10206;S24_4258;33;95;10;3135
10206;S32_3522;36;55;2;1980
10206;S700_2824;33;89;1;2937
10207;S10_4962;31;126;15;3906
10207;S12_4473;34;96;7;3264
10207;S18_2238;44;141;6;6204
10207;S18_2319;43;109;10;4687
10207;S18_2432;37;61;13;2257
10207;S18_3232;25;141;11;3525
10207;S18_4027;40;144;1;5760
10207;S18_4600;47;120;16;5640
10207;S24_1444;49;58;4;2842
10207;S24_2300;46;128;12;5888
10207;S24_2840;42;31;8;1302
10207;S24_4048;28;109;3;3052
10207;S32_1268;49;85;14;4165
10207;S32_2509;27;52;9;1404
10207;S32_3207;45;55;2;2475
10207;S50_1392;28;106;5;2968
10208;S12_1108;46;177;13;8142
10208;S12_3148;26;128;14;3328
10208;S12_3891;20;152;12;3040
10208;S18_3140;24;117;9;2808
10208;S18_3259;48;97;11;4656
10208;S18_4522;45;73;8;3285
10208;S24_2011;35;123;7;4305
10208;S24_3151;20;81;2;1620
10208;S50_1514;30;58;15;1740
10208;S700_1138;38;57;3;2166
10208;S700_1938;40;74;10;2960
10208;S700_2610;46;64;1;2944
10208;S700_3505;37;95;4;3515
10208;S700_3962;33;95;5;3135
10208;S72_3212;42;48;6;2016
10209;S10_4757;39;129;8;5031
10209;S18_3029;28;83;6;2324
10209;S18_3856;20;97;5;1940
10209;S24_2841;43;66;1;2838
10209;S24_3420;36;57;2;2052
10209;S24_3816;22;80;7;1760
10209;S700_2047;33;91;4;3003
10209;S72_1253;48;44;3;2112
10210;S10_2016;23;113;2;2599
10210;S10_4698;34;190;1;6460
10210;S18_1662;31;142;17;4402
10210;S18_2581;50;68;7;3400
10210;S18_2625;40;51;3;2040
10210;S24_1785;27;101;9;2727
10210;S24_2000;30;63;4;1890
10210;S24_3949;29;57;16;1653
10210;S24_4278;40;68;8;2720
10210;S32_1374;46;85;5;3910
10210;S32_4289;39;57;10;2223
10210;S50_1341;43;43;11;1849
10210;S700_1691;21;88;12;1848
10210;S700_2466;26;94;14;2444
10210;S700_2834;25;98;6;2450
10210;S700_3167;31;64;13;1984
10210;S700_4002;42;61;15;2562
10211;S10_1678;41;91;14;3731
10211;S12_1099;41;171;2;7011
10211;S12_2823;36;127;13;4572
10211;S12_3990;28;80;3;2240
10211;S18_3278;35;73;5;2555
10211;S18_3482;28;138;4;3864
10211;S18_3782;46;60;8;2760
10211;S18_4721;41;149;7;6109
10211;S24_1578;25;109;15;2725
10211;S24_2360;21;62;11;1302
10211;S24_3371;48;53;1;2544
10211;S24_4620;22;81;6;1782
10211;S32_2206;41;40;9;1640
10211;S32_4485;37;95;12;3515
10211;S50_4713;40;71;10;2840
10212;S12_3380;39;100;16;3900
10212;S12_4675;33;111;15;3663
10212;S18_1129;29;117;10;3393
10212;S18_1589;38;106;6;4028
10212;S18_1889;20;65;14;1300
10212;S18_1984;41;134;9;5494
10212;S18_2870;40;117;7;4680
10212;S18_3232;40;156;11;6240
10212;S18_3685;45;116;8;5220
10212;S24_1046;41;62;3;2542
10212;S24_1628;45;43;5;1935
10212;S24_2766;45;82;1;3690
10212;S24_2972;34;37;12;1258
10212;S24_3191;27;78;2;2106
10212;S24_3432;46;101;4;4646
10212;S24_3856;49;118;13;5782
10213;S18_4409;38;85;1;3230
10213;S18_4933;25;58;2;1450
10213;S24_2887;27;97;3;2619
10214;S18_1749;30;167;7;5010
10214;S18_2248;21;53;6;1113
10214;S18_2325;27;126;4;3402
10214;S18_2795;50;167;1;8350
10214;S24_1937;20;32;3;640
10214;S24_2022;49;40;2;1960
10214;S24_3969;44;39;5;1716
10215;S10_1949;35;206;3;7210
10215;S18_1097;46;100;2;4600
10215;S18_1342;27;92;10;2484
10215;S18_1367;33;54;9;1782
10215;S18_2949;49;97;4;4753
10215;S18_2957;31;56;6;1736
10215;S18_3136;49;89;5;4361
10215;S18_3320;41;84;8;3444
10215;S18_4668;46;43;1;1978
10215;S24_4258;39;94;7;3666
10216;S12_1666;43;134;1;5762
10217;S10_4962;48;133;4;6384
10217;S18_2432;35;58;2;2030
10217;S18_4600;38;119;5;4522
10217;S24_2300;28;104;1;2912
10217;S32_1268;21;79;3;1659
10217;S32_3522;39;56;7;2184
10217;S700_2824;31;90;6;2790
10218;S18_2319;22;110;1;2420
10218;S18_3232;34;152;2;5168
10219;S12_4473;48;95;2;4560
10219;S18_2238;43;133;1;5719
10219;S24_2840;21;31;3;651
10219;S32_2509;35;48;4;1680
10220;S12_1108;32;189;2;6048
10220;S12_3148;30;151;3;4530
10220;S12_3891;27;166;1;4482
10220;S18_4027;50;126;5;6300
10220;S24_1444;26;49;8;1274
10220;S24_4048;37;102;7;3774
10220;S32_3207;20;50;6;1000
10220;S50_1392;37;93;9;3441
10220;S50_1514;30;57;4;1710
10221;S18_3140;33;134;3;4422
10221;S18_3259;23;90;5;2070
10221;S18_4522;39;84;2;3276
10221;S24_2011;49;113;1;5537
10221;S700_1938;23;69;4;1587
10222;S10_4757;49;133;12;6517
10222;S18_1662;49;137;4;6713
10222;S18_3029;49;79;10;3871
10222;S18_3856;45;89;9;4005
10222;S24_2841;32;57;5;1824
10222;S24_3151;47;74;14;3478
10222;S24_3420;43;61;6;2623
10222;S24_3816;46;78;11;3588
10222;S24_3949;48;55;3;2640
10222;S700_1138;31;59;15;1829
10222;S700_2047;26;81;8;2106
10222;S700_2466;37;91;1;3367
10222;S700_2610;36;69;13;2484
10222;S700_3505;38;84;16;3192
10222;S700_3962;31;81;17;2511
10222;S700_4002;43;67;2;2881
10222;S72_1253;31;45;7;1395
10222;S72_3212;36;49;18;1764
10223;S10_1678;37;80;1;2960
10223;S10_2016;47;111;4;5217
10223;S10_4698;49;190;3;9310
10223;S18_2581;47;68;9;3196
10223;S18_2625;28;59;5;1652
10223;S24_1578;32;105;2;3360
10223;S24_1785;34;88;11;2992
10223;S24_2000;38;61;6;2318
10223;S24_4278;23;68;10;1564
10223;S32_1374;21;91;7;1911
10223;S32_4289;20;67;12;1340
10223;S50_1341;41;41;13;1681
10223;S700_1691;25;84;14;2100
10223;S700_2834;29;114;8;3306
10223;S700_3167;26;79;15;2054
10224;S12_2823;43;142;6;6106
10224;S18_3782;38;57;1;2166
10224;S24_2360;37;60;4;2220
10224;S32_2206;43;37;2;1591
10224;S32_4485;30;95;5;2850
10224;S50_4713;50;81;3;4050
10225;S12_1099;27;158;9;4266
10225;S12_3380;25;101;7;2525
10225;S12_3990;37;65;10;2405
10225;S12_4675;21;100;6;2100
10225;S18_1129;32;116;1;3712
10225;S18_1889;47;72;5;3384
10225;S18_3232;43;163;2;7009
10225;S18_3278;37;70;12;2590
10225;S18_3482;27;119;11;3213
10225;S18_4721;35;135;14;4725
10225;S24_2972;42;35;3;1470
10225;S24_3371;24;51;8;1224
10225;S24_3856;40;131;4;5240
10225;S24_4620;46;78;13;3588
10226;S18_1589;38;108;4;4104
10226;S18_1984;24;129;7;3096
10226;S18_2870;24;125;5;3000
10226;S18_3685;46;123;6;5658
10226;S24_1046;21;65;1;1365
10226;S24_1628;36;48;3;1728
10226;S24_3432;48;95;2;4560
10227;S18_1342;25;85;3;2125
10227;S18_1367;31;50;2;1550
10227;S18_1749;26;136;10;3536
10227;S18_2248;28;60;9;1680
10227;S18_2325;46;118;7;5428
10227;S18_2795;29;147;4;4263
10227;S18_3320;33;99;1;3267
10227;S18_4409;34;87;11;2958
10227;S18_4933;37;71;12;2627
10227;S24_1937;42;27;6;1134
10227;S24_2022;24;39;5;936
10227;S24_2766;47;85;14;3995
10227;S24_2887;33;102;13;3366
10227;S24_3191;40;79;15;3160
10227;S24_3969;27;35;8;945
10228;S10_1949;29;214;2;6206
10228;S18_1097;32;100;1;3200
10228;S18_2949;24;101;3;2424
10228;S18_2957;45;57;5;2565
10228;S18_3136;31;101;4;3131
10228;S24_4258;33;85;6;2805
10229;S10_4962;50;139;9;6950
10229;S12_1666;25;111;13;2775
10229;S12_4473;36;96;1;3456
10229;S18_2319;26;104;4;2704
10229;S18_2432;28;53;7;1484
10229;S18_3232;22;157;5;3454
10229;S18_4600;41;120;10;4920
10229;S18_4668;39;44;14;1716
10229;S24_2300;48;115;6;5520
10229;S24_2840;33;35;2;1155
10229;S32_1268;25;79;8;1975
10229;S32_2509;23;50;3;1150
10229;S32_3522;30;52;12;1560
10229;S700_2824;50;91;11;4550
10230;S12_3148;43;128;1;5504
10230;S18_2238;49;154;8;7546
10230;S18_4027;42;142;3;5964
10230;S24_1444;36;47;6;1692
10230;S24_4048;45;99;5;4455
10230;S32_3207;46;59;4;2714
10230;S50_1392;34;101;7;3434
10230;S50_1514;43;57;2;2451
10231;S12_1108;42;193;2;8106
10231;S12_3891;49;147;1;7203
10232;S18_3140;22;134;6;2948
10232;S18_3259;48;98;8;4704
10232;S18_4522;23;78;5;1794
10232;S24_2011;46;113;4;5198
10232;S700_1938;26;85;7;2210
10232;S700_3505;48;86;1;4128
10232;S700_3962;35;81;2;2835
10232;S72_3212;24;49;3;1176
10233;S24_3151;40;71;2;2840
10233;S700_1138;36;66;3;2376
10233;S700_2610;29;68;1;1972
10234;S10_4757;48;118;9;5664
10234;S18_1662;50;147;1;7350
10234;S18_3029;48;84;7;4032
10234;S18_3856;39;86;6;3354
10234;S24_2841;44;67;2;2948
10234;S24_3420;25;65;3;1625
10234;S24_3816;31;79;8;2449
10234;S700_2047;29;83;5;2407
10234;S72_1253;40;46;4;1840
10235;S18_2581;24;82;3;1968
10235;S24_1785;23;90;5;2070
10235;S24_3949;33;55;12;1815
10235;S24_4278;40;63;4;2520
10235;S32_1374;41;91;1;3731
10235;S32_4289;34;67;6;2278
10235;S50_1341;41;37;7;1517
10235;S700_1691;25;89;8;2225
10235;S700_2466;38;93;10;3534
10235;S700_2834;25;116;2;2900
10235;S700_3167;32;74;9;2368
10235;S700_4002;34;70;11;2380
10236;S10_2016;22;106;1;2332
10236;S18_2625;23;53;2;1219
10236;S24_2000;36;66;3;2376
10237;S10_1678;23;92;7;2116
10237;S10_4698;39;159;9;6201
10237;S12_2823;32;130;6;4160
10237;S18_3782;26;50;1;1300
10237;S24_1578;20;109;8;2180
10237;S24_2360;26;62;4;1612
10237;S32_2206;26;35;2;910
10237;S32_4485;27;95;5;2565
10237;S50_4713;20;79;3;1580
10238;S12_1099;28;161;3;4508
10238;S12_3380;29;105;1;3045
10238;S12_3990;20;73;4;1460
10238;S18_3278;41;68;6;2788
10238;S18_3482;49;144;5;7056
10238;S18_4721;44;121;8;5324
10238;S24_3371;47;54;2;2538
10238;S24_4620;22;68;7;1496
10239;S12_4675;21;100;5;2100
10239;S18_1889;46;70;4;3220
10239;S18_3232;47;135;1;6345
10239;S24_2972;20;32;2;640
10239;S24_3856;29;133;3;3857
10240;S18_1129;41;126;3;5166
10240;S18_1984;37;137;2;5069
10240;S18_3685;37;134;1;4958
10241;S18_1589;21;119;11;2499
10241;S18_1749;41;153;2;6273
10241;S18_2248;33;56;1;1848
10241;S18_2870;44;127;12;5588
10241;S18_4409;42;77;3;3234
10241;S18_4933;30;63;4;1890
10241;S24_1046;22;72;8;1584
10241;S24_1628;21;47;10;987
10241;S24_2766;47;89;6;4183
10241;S24_2887;28;117;5;3276
10241;S24_3191;26;69;7;1794
10241;S24_3432;27;107;9;2889
10242;S24_3969;46;37;1;1702
10243;S18_2325;47;112;2;5264
10243;S24_1937;33;31;1;1023
10244;S18_1342;40;100;7;4000
10244;S18_1367;20;49;6;980
10244;S18_2795;43;142;8;6106
10244;S18_2949;30;87;1;2610
10244;S18_2957;24;55;3;1320
10244;S18_3136;29;86;2;2494
10244;S18_3320;36;87;5;3132
10244;S24_2022;39;42;9;1638
10244;S24_4258;40;97;4;3880
10245;S10_1949;34;195;9;6630
10245;S10_4962;28;148;2;4144
10245;S12_1666;38;120;6;4560
10245;S18_1097;29;114;8;3306
10245;S18_4600;21;111;3;2331
10245;S18_4668;45;49;7;2205
10245;S32_1268;37;82;1;3034
10245;S32_3522;44;55;5;2420
10245;S700_2824;44;82;4;3608
10246;S12_4473;46;100;5;4600
10246;S18_2238;40;144;4;5760
10246;S18_2319;22;101;8;2222
10246;S18_2432;30;58;11;1740
10246;S18_3232;36;146;9;5256
10246;S24_1444;44;46;2;2024
10246;S24_2300;29;119;10;3451
10246;S24_2840;49;35;6;1715
10246;S24_4048;46;101;1;4646
10246;S32_2509;35;45;7;1575
10246;S50_1392;22;113;3;2486
10247;S12_1108;44;195;2;8580
10247;S12_3148;25;141;3;3525
10247;S12_3891;27;168;1;4536
10247;S18_4027;48;144;5;6912
10247;S32_3207;40;58;6;2320
10247;S50_1514;49;52;4;2548
10248;S10_4757;20;126;3;2520
10248;S18_3029;21;81;1;1701
10248;S18_3140;32;134;12;4288
10248;S18_3259;42;96;14;4032
10248;S18_4522;42;88;11;3696
10248;S24_2011;48;123;10;5904
10248;S24_3151;30;86;5;2580
10248;S24_3816;23;83;2;1909
10248;S700_1138;36;66;6;2376
10248;S700_1938;40;81;13;3240
10248;S700_2610;32;69;4;2208
10248;S700_3505;30;84;7;2520
10248;S700_3962;35;92;8;3220
10248;S72_3212;23;54;9;1242
10249;S18_3856;46;89;5;4094
10249;S24_2841;20;55;1;1100
10249;S24_3420;25;66;2;1650
10249;S700_2047;40;86;4;3440
10249;S72_1253;32;49;3;1568
10250;S18_1662;45;148;14;6660
10250;S18_2581;27;84;4;2268
10250;S24_1785;31;95;6;2945
10250;S24_2000;32;63;1;2016
10250;S24_3949;40;61;13;2440
10250;S24_4278;37;72;5;2664
10250;S32_1374;31;100;2;3100
10250;S32_4289;50;63;7;3150
10250;S50_1341;36;37;8;1332
10250;S700_1691;31;91;9;2821
10250;S700_2466;35;91;11;3185
10250;S700_2834;44;98;3;4312
10250;S700_3167;44;76;10;3344
10250;S700_4002;38;66;12;2508
10251;S10_1678;59;94;2;5546
10251;S10_2016;44;115;5;5060
10251;S10_4698;43;172;4;7396
10251;S12_2823;46;130;1;5980
10251;S18_2625;44;58;6;2552
10251;S24_1578;50;91;3;4550
10252;S18_3278;20;75;2;1500
10252;S18_3482;41;146;1;5986
10252;S18_3782;31;50;5;1550
10252;S18_4721;26;128;4;3328
10252;S24_2360;47;63;8;2961
10252;S24_4620;38;70;3;2660
10252;S32_2206;36;36;6;1296
10252;S32_4485;25;94;9;2350
10252;S50_4713;48;72;7;3456
10253;S12_1099;24;158;13;3792
10253;S12_3380;22;102;11;2244
10253;S12_3990;25;67;14;1675
10253;S12_4675;41;109;10;4469
10253;S18_1129;26;130;5;3380
10253;S18_1589;24;103;1;2472
10253;S18_1889;23;68;9;1564
10253;S18_1984;33;131;4;4323
10253;S18_2870;37;115;2;4255
10253;S18_3232;40;146;6;5840
10253;S18_3685;31;140;3;4340
10253;S24_2972;40;35;7;1400
10253;S24_3371;24;51;12;1224
10253;S24_3856;39;115;8;4485
10254;S18_1749;49;138;5;6762
10254;S18_2248;36;55;4;1980
10254;S18_2325;41;103;2;4223
10254;S18_4409;34;81;6;2754
10254;S18_4933;30;60;7;1800
10254;S24_1046;34;67;11;2278
10254;S24_1628;32;43;13;1376
10254;S24_1937;38;29;1;1102
10254;S24_2766;31;85;9;2635
10254;S24_2887;33;112;8;3696
10254;S24_3191;42;69;10;2898
10254;S24_3432;49;102;12;4998
10254;S24_3969;20;40;3;800
10255;S18_2795;24;135;1;3240
10255;S24_2022;37;38;2;1406
10256;S18_1342;34;93;2;3162
10256;S18_1367;29;53;1;1537
10257;S18_2949;50;92;1;4600
10257;S18_2957;49;59;3;2891
10257;S18_3136;37;84;2;3108
10257;S18_3320;26;91;5;2366
10257;S24_4258;46;82;4;3772
10258;S10_1949;32;178;6;5696
10258;S12_1666;41;134;3;5494
10258;S18_1097;41;113;5;4633
10258;S18_4668;21;50;4;1050
10258;S32_3522;20;63;2;1260
10258;S700_2824;45;87;1;3915
10259;S10_4962;26;121;12;3146
10259;S12_4473;46;117;4;5382
10259;S18_2238;30;134;3;4020
10259;S18_2319;34;120;7;4080
10259;S18_2432;30;60;10;1800
10259;S18_3232;27;152;8;4104
10259;S18_4600;41;108;13;4428
10259;S24_1444;28;47;1;1316
10259;S24_2300;47;121;9;5687
10259;S24_2840;31;31;5;961
10259;S32_1268;45;95;11;4275
10259;S32_2509;40;46;6;1840
10259;S50_1392;29;105;2;3045
10260;S12_1108;46;181;5;8326
10260;S12_3148;30;141;6;4230
10260;S12_3891;44;170;4;7480
10260;S18_3140;32;122;1;3904
10260;S18_3259;29;93;3;2697
10260;S18_4027;23;138;8;3174
10260;S24_4048;23;117;10;2691
10260;S32_3207;27;55;9;1485
10260;S50_1514;21;56;7;1176
10260;S700_1938;33;81;2;2673
10261;S10_4757;27;117;1;3159
10261;S18_4522;20;81;9;1620
10261;S24_2011;36;106;8;3816
10261;S24_3151;22;80;3;1760
10261;S700_1138;34;64;4;2176
10261;S700_2610;44;59;2;2596
10261;S700_3505;25;89;5;2225
10261;S700_3962;50;88;6;4400
10261;S72_3212;29;44;7;1276
10262;S18_1662;49;158;9;7742
10262;S18_3029;32;82;15;2624
10262;S18_3856;34;86;14;2924
10262;S24_1785;34;98;1;3332
10262;S24_2841;24;64;10;1536
10262;S24_3420;46;66;11;3036
10262;S24_3816;49;82;16;4018
10262;S24_3949;48;59;8;2832
10262;S32_4289;40;64;2;2560
10262;S50_1341;49;36;3;1764
10262;S700_1691;40;88;4;3520
10262;S700_2047;44;83;13;3652
10262;S700_2466;33;82;6;2706
10262;S700_3167;27;65;5;1755
10262;S700_4002;35;64;7;2240
10262;S72_1253;21;42;12;882
10263;S10_1678;34;89;2;3026
10263;S10_2016;40;107;5;4280
10263;S10_4698;41;194;4;7954
10263;S12_2823;48;124;1;5952
10263;S18_2581;33;68;10;2244
10263;S18_2625;34;50;6;1700
10263;S24_1578;42;109;3;4578
10263;S24_2000;37;67;7;2479
10263;S24_4278;24;59;11;1416
10263;S32_1374;31;94;8;2914
10263;S700_2834;47;117;9;5499
10264;S18_3782;48;58;3;2784
10264;S18_4721;20;125;2;2500
10264;S24_2360;37;62;6;2294
10264;S24_4620;47;75;1;3525
10264;S32_2206;20;39;4;780
10264;S32_4485;34;100;7;3400
10264;S50_4713;47;68;5;3196
10265;S18_3278;45;75;2;3375
10265;S18_3482;49;123;1;6027
10266;S12_1099;44;189;14;8316
10266;S12_3380;22;110;12;2420
10266;S12_3990;35;68;15;2380
10266;S12_4675;40;113;11;4520
10266;S18_1129;21;132;6;2772
10266;S18_1589;36;100;2;3600
10266;S18_1889;33;77;10;2541
10266;S18_1984;49;139;5;6811
10266;S18_2870;20;114;3;2280
10266;S18_3232;29;137;7;3973
10266;S18_3685;33;127;4;4191
10266;S24_1628;28;40;1;1120
10266;S24_2972;34;35;8;1190
10266;S24_3371;47;56;13;2632
10266;S24_3856;24;119;9;2856
10267;S18_4933;36;71;1;2556
10267;S24_1046;40;72;5;2880
10267;S24_2766;38;76;3;2888
10267;S24_2887;43;94;2;4042
10267;S24_3191;44;84;4;3696
10267;S24_3432;43;99;6;4257
10268;S18_1342;49;93;3;4557
10268;S18_1367;26;46;2;1196
10268;S18_1749;34;165;10;5610
10268;S18_2248;31;61;9;1891
10268;S18_2325;50;125;7;6250
10268;S18_2795;35;149;4;5215
10268;S18_3320;39;96;1;3744
10268;S18_4409;35;85;11;2975
10268;S24_1937;33;32;6;1056
10268;S24_2022;40;36;5;1440
10268;S24_3969;30;38;8;1140
10269;S18_2957;32;57;1;1824
10269;S24_4258;48;95;2;4560
10270;S10_1949;21;171;9;3591
10270;S10_4962;32;124;2;3968
10270;S12_1666;28;135;6;3780
10270;S18_1097;43;95;8;4085
10270;S18_2949;31;81;10;2511
10270;S18_3136;38;86;11;3268
10270;S18_4600;38;108;3;4104
10270;S18_4668;44;40;7;1760
10270;S32_1268;32;93;1;2976
10270;S32_3522;21;52;5;1092
10270;S700_2824;46;101;4;4646
10271;S12_4473;31;100;5;3100
10271;S18_2238;50;147;4;7350
10271;S18_2319;50;122;8;6100
10271;S18_2432;25;60;11;1500
10271;S18_3232;20;169;9;3380
10271;S24_1444;45;50;2;2250
10271;S24_2300;43;123;10;5289
10271;S24_2840;38;29;6;1102
10271;S24_4048;22;110;1;2420
10271;S32_2509;35;52;7;1820
10271;S50_1392;34;94;3;3196
10272;S12_1108;35;187;2;6545
10272;S12_3148;27;124;3;3348
10272;S12_3891;39;149;1;5811
10272;S18_4027;25;126;5;3150
10272;S32_3207;45;57;6;2565
10272;S50_1514;43;54;4;2322
10273;S10_4757;30;136;4;4080
10273;S18_3029;34;84;2;2856
10273;S18_3140;40;117;13;4680
10273;S18_3259;47;88;15;4136
10273;S18_3856;50;106;1;5300
10273;S18_4522;33;73;12;2409
10273;S24_2011;22;103;11;2266
10273;S24_3151;27;84;6;2268
10273;S24_3816;48;84;3;4032
10273;S700_1138;21;66;7;1386
10273;S700_1938;21;78;14;1638
10273;S700_2610;42;58;5;2436
10273;S700_3505;40;91;8;3640
10273;S700_3962;26;89;9;2314
10273;S72_3212;37;51;10;1887
10274;S18_1662;41;129;1;5289
10274;S24_2841;40;57;2;2280
10274;S24_3420;24;65;3;1560
10274;S700_2047;24;75;5;1800
10274;S72_1253;32;50;4;1600
10275;S10_1678;45;81;1;3645
10275;S10_2016;22;115;4;2530
10275;S10_4698;36;155;3;5580
10275;S18_2581;35;70;9;2450
10275;S18_2625;37;52;5;1924
10275;S24_1578;21;106;2;2226
10275;S24_1785;25;97;11;2425
10275;S24_2000;30;62;6;1860
10275;S24_3949;41;58;18;2378
10275;S24_4278;27;67;10;1809
10275;S32_1374;23;90;7;2070
10275;S32_4289;28;58;12;1624
10275;S50_1341;38;40;13;1520
10275;S700_1691;32;86;14;2752
10275;S700_2466;39;83;16;3237
10275;S700_2834;48;102;8;4896
10275;S700_3167;43;72;15;3096
10275;S700_4002;31;60;17;1860
10276;S12_1099;50;185;3;9250
10276;S12_2823;43;151;14;6493
10276;S12_3380;47;105;1;4935
10276;S12_3990;38;68;4;2584
10276;S18_3278;38;78;6;2964
10276;S18_3482;30;140;5;4200
10276;S18_3782;33;55;9;1815
10276;S18_4721;48;121;8;5808
10276;S24_2360;46;62;12;2852
10276;S24_3371;20;58;2;1160
10276;S24_4620;48;67;7;3216
10276;S32_2206;27;35;10;945
10276;S32_4485;38;95;13;3610
10276;S50_4713;21;68;11;1428
10277;S12_4675;28;93;1;2604
10278;S18_1129;34;115;6;3910
10278;S18_1589;23;107;2;2461
10278;S18_1889;29;73;10;2117
10278;S18_1984;29;118;5;3422
10278;S18_2870;39;117;3;4563
10278;S18_3232;42;168;7;7056
10278;S18_3685;31;114;4;3534
10278;S24_1628;35;49;1;1715
10278;S24_2972;31;37;8;1147
10278;S24_3856;25;136;9;3400
10279;S18_4933;26;68;1;1768
10279;S24_1046;32;68;5;2176
10279;S24_2766;49;76;3;3724
10279;S24_2887;48;107;2;5136
10279;S24_3191;33;79;4;2607
10279;S24_3432;48;95;6;4560
10280;S10_1949;34;206;2;7004
10280;S18_1097;24;98;1;2352
10280;S18_1342;50;87;9;4350
10280;S18_1367;27;47;8;1269
10280;S18_1749;26;162;16;4212
10280;S18_2248;25;53;15;1325
10280;S18_2325;37;109;13;4033
10280;S18_2795;22;159;10;3498
10280;S18_2949;46;82;3;3772
10280;S18_2957;43;54;5;2322
10280;S18_3136;29;103;4;2987
10280;S18_3320;34;99;7;3366
10280;S18_4409;35;77;17;2695
10280;S24_1937;20;30;12;600
10280;S24_2022;45;36;11;1620
10280;S24_3969;33;35;14;1155
10280;S24_4258;21;80;6;1680
10281;S10_4962;44;133;9;5852
10281;S12_1666;25;127;13;3175
10281;S12_4473;41;98;1;4018
10281;S18_2319;48;114;4;5472
10281;S18_2432;29;57;7;1653
10281;S18_3232;25;135;5;3375
10281;S18_4600;25;97;10;2425
10281;S18_4668;44;43;14;1892
10281;S24_2300;25;112;6;2800
10281;S24_2840;20;34;2;680
10281;S32_1268;29;81;8;2349
10281;S32_2509;31;45;3;1395
10281;S32_3522;36;59;12;2124
10281;S700_2824;27;89;11;2403
10282;S12_1108;41;177;5;7257
10282;S12_3148;27;142;6;3834
10282;S12_3891;24;170;4;4080
10282;S18_2238;23;147;13;3381
10282;S18_3140;43;123;1;5289
10282;S18_3259;36;89;3;3204
10282;S18_4027;31;132;8;4092
10282;S24_1444;29;50;11;1450
10282;S24_4048;39;97;10;3783
10282;S32_3207;36;52;9;1872
10282;S50_1392;38;115;12;4370
10282;S50_1514;37;56;7;2072
10282;S700_1938;43;78;2;3354
10283;S10_4757;25;131;6;3275
10283;S18_3029;21;78;4;1638
10283;S18_3856;46;101;3;4646
10283;S18_4522;34;72;14;2448
10283;S24_2011;42;100;13;4200
10283;S24_3151;34;81;8;2754
10283;S24_3816;33;77;5;2541
10283;S700_1138;45;62;9;2790
10283;S700_2047;20;74;2;1480
10283;S700_2610;47;69;7;3243
10283;S700_3505;22;88;10;1936
10283;S700_3962;38;85;11;3230
10283;S72_1253;43;41;1;1763
10283;S72_3212;33;49;12;1617
10284;S18_1662;45;137;11;6165
10284;S18_2581;31;68;1;2108
10284;S24_1785;22;102;3;2244
10284;S24_2841;30;65;12;1950
10284;S24_3420;39;60;13;2340
10284;S24_3949;21;66;10;1386
10284;S24_4278;21;67;2;1407
10284;S32_4289;50;61;4;3050
10284;S50_1341;33;36;5;1188
10284;S700_1691;24;88;6;2112
10284;S700_2466;45;96;8;4320
10284;S700_3167;25;68;7;1700
10284;S700_4002;32;73;9;2336
10285;S10_1678;36;96;6;3456
10285;S10_2016;47;111;9;5217
10285;S10_4698;27;167;8;4509
10285;S12_2823;49;131;5;6419
10285;S18_2625;20;51;10;1020
10285;S24_1578;34;91;7;3094
10285;S24_2000;39;62;11;2418
10285;S24_2360;38;64;3;2432
10285;S32_1374;37;83;12;3071
10285;S32_2206;37;37;1;1369
10285;S32_4485;26;100;4;2600
10285;S50_4713;39;76;2;2964
10285;S700_2834;45;102;13;4590
10286;S18_3782;38;52;1;1976
10287;S12_1099;21;191;12;4011
10287;S12_3380;45;117;10;5265
10287;S12_3990;41;74;13;3034
10287;S12_4675;23;107;9;2461
10287;S18_1129;41;113;4;4633
10287;S18_1889;44;62;8;2728
10287;S18_1984;24;124;3;2976
10287;S18_2870;44;115;1;5060
10287;S18_3232;36;137;5;4932
10287;S18_3278;43;68;15;2924
10287;S18_3482;40;128;14;5120
10287;S18_3685;27;140;2;3780
10287;S18_4721;34;119;17;4046
10287;S24_2972;36;31;6;1116
10287;S24_3371;20;58;11;1160
10287;S24_3856;36;138;7;4968
10287;S24_4620;40;79;16;3160
10288;S18_1589;20;121;14;2420
10288;S18_1749;32;168;5;5376
10288;S18_2248;28;50;4;1400
10288;S18_2325;31;103;2;3193
10288;S18_4409;35;90;6;3150
10288;S18_4933;23;57;7;1311
10288;S24_1046;36;67;11;2412
10288;S24_1628;50;49;13;2450
10288;S24_1937;29;32;1;928
10288;S24_2766;35;82;9;2870
10288;S24_2887;48;109;8;5232
10288;S24_3191;34;76;10;2584
10288;S24_3432;41;102;12;4182
10288;S24_3969;33;38;3;1254
10289;S18_1342;38;92;2;3496
10289;S18_1367;24;45;1;1080
10289;S18_2795;43;142;3;6106
10289;S24_2022;45;41;4;1845
10290;S18_3320;26;80;2;2080
10290;S24_4258;45;84;1;3780
10291;S10_1949;37;210;11;7770
10291;S10_4962;30;142;4;4260
10291;S12_1666;41;123;8;5043
10291;S18_1097;41;97;10;3977
10291;S18_2432;26;52;2;1352
10291;S18_2949;47;99;12;4653
10291;S18_2957;37;56;14;2072
10291;S18_3136;23;93;13;2139
10291;S18_4600;48;97;5;4656
10291;S18_4668;29;45;9;1305
10291;S24_2300;48;110;1;5280
10291;S32_1268;26;83;3;2158
10291;S32_3522;32;53;7;1696
10291;S700_2824;28;87;6;2436
10292;S12_4473;21;95;8;1995
10292;S18_2238;26;141;7;3666
10292;S18_2319;41;103;11;4223
10292;S18_3232;21;147;12;3087
10292;S18_4027;44;115;2;5060
10292;S24_1444;40;49;5;1960
10292;S24_2840;39;34;9;1326
10292;S24_4048;27;114;4;3078
10292;S32_2509;50;54;10;2700
10292;S32_3207;31;60;3;1860
10292;S50_1392;41;113;6;4633
10292;S50_1514;35;50;1;1750
10293;S12_1108;46;187;8;8602
10293;S12_3148;24;130;9;3120
10293;S12_3891;45;171;7;7695
10293;S18_3140;24;111;4;2664
10293;S18_3259;22;92;6;2024
10293;S18_4522;49;73;3;3577
10293;S24_2011;21;112;2;2352
10293;S700_1938;29;78;5;2262
10293;S72_3212;32;51;1;1632
10294;S700_3962;45;98;1;4410
10295;S10_4757;24;136;1;3264
10295;S24_3151;46;84;3;3864
10295;S700_1138;26;62;4;1612
10295;S700_2610;44;72;2;3168
10295;S700_3505;34;93;5;3162
10296;S18_1662;36;147;7;5292
10296;S18_3029;21;70;13;1470
10296;S18_3856;22;106;12;2332
10296;S24_2841;21;61;8;1281
10296;S24_3420;31;64;9;1984
10296;S24_3816;22;83;14;1826
10296;S24_3949;32;63;6;2016
10296;S50_1341;26;41;1;1066
10296;S700_1691;42;76;2;3192
10296;S700_2047;34;90;11;3060
10296;S700_2466;24;97;4;2328
10296;S700_3167;22;74;3;1628
10296;S700_4002;47;61;5;2867
10296;S72_1253;21;47;10;987
10297;S18_2581;25;82;4;2050
10297;S24_1785;32;107;6;3424
10297;S24_2000;32;70;1;2240
10297;S24_4278;23;72;5;1656
10297;S32_1374;26;89;2;2314
10297;S32_4289;28;63;7;1764
10297;S700_2834;35;112;3;3920
10298;S10_2016;39;106;1;4134
10298;S18_2625;32;61;2;1952
10299;S10_1678;23;77;9;1771
10299;S10_4698;29;165;11;4785
10299;S12_2823;24;124;8;2976
10299;S18_3782;39;62;3;2418
10299;S18_4721;49;119;2;5831
10299;S24_1578;47;107;10;5029
10299;S24_2360;33;59;6;1947
10299;S24_4620;32;66;1;2112
10299;S32_2206;24;36;4;864
10299;S32_4485;38;85;7;3230
10299;S50_4713;44;77;5;3388
10300;S12_1099;33;185;5;6105
10300;S12_3380;29;116;3;3364
10300;S12_3990;22;77;6;1694
10300;S12_4675;23;96;2;2208
10300;S18_1889;41;63;1;2583
10300;S18_3278;49;66;8;3234
10300;S18_3482;23;144;7;3312
10300;S24_3371;31;52;4;1612
10301;S18_1129;37;115;8;4255
10301;S18_1589;32;118;4;3776
10301;S18_1984;47;119;7;5593
10301;S18_2870;22;114;5;2508
10301;S18_3232;23;135;9;3105
10301;S18_3685;39;137;6;5343
10301;S24_1046;27;65;1;1755
10301;S24_1628;22;41;3;902
10301;S24_2972;48;32;10;1536
10301;S24_3432;22;87;2;1914
10301;S24_3856;50;122;11;6100
10302;S18_1749;43;167;1;7181
10302;S18_4409;38;83;2;3154
10302;S18_4933;23;71;3;1633
10302;S24_2766;49;75;5;3675
10302;S24_2887;45;105;4;4725
10302;S24_3191;48;74;6;3552
10303;S18_2248;46;57;2;2622
10303;S24_3969;24;36;1;864
10304;S10_1949;47;201;6;9447
10304;S12_1666;39;118;3;4602
10304;S18_1097;46;106;5;4876
10304;S18_1342;37;96;13;3552
10304;S18_1367;37;47;12;1739
10304;S18_2325;24;103;17;2472
10304;S18_2795;20;142;14;2840
10304;S18_2949;46;98;7;4508
10304;S18_2957;24;54;9;1296
10304;S18_3136;26;90;8;2340
10304;S18_3320;38;95;11;3610
10304;S18_4668;34;44;4;1496
10304;S24_1937;23;29;16;667
10304;S24_2022;44;42;15;1848
10304;S24_4258;33;81;10;2673
10304;S32_3522;36;52;2;1872
10304;S700_2824;40;81;1;3240
10305;S10_4962;38;130;13;4940
10305;S12_4473;38;108;5;4104
10305;S18_2238;27;133;4;3591
10305;S18_2319;36;118;8;4248
10305;S18_2432;41;59;11;2419
10305;S18_3232;37;161;9;5957
10305;S18_4600;22;113;14;2486
10305;S24_1444;45;49;2;2205
10305;S24_2300;24;107;10;2568
10305;S24_2840;48;31;6;1488
10305;S24_4048;36;118;1;4248
10305;S32_1268;28;94;12;2632
10305;S32_2509;40;49;7;1960
10305;S50_1392;42;110;3;4620
10306;S12_1108;31;183;13;5673
10306;S12_3148;34;145;14;4930
10306;S12_3891;20;145;12;2900
10306;S18_3140;32;115;9;3680
10306;S18_3259;40;84;11;3360
10306;S18_4027;23;126;16;2898
10306;S18_4522;39;85;8;3315
10306;S24_2011;29;109;7;3161
10306;S24_3151;31;76;2;2356
10306;S32_3207;46;60;17;2760
10306;S50_1514;34;52;15;1768
10306;S700_1138;50;61;3;3050
10306;S700_1938;38;74;10;2812
10306;S700_2610;43;62;1;2666
10306;S700_3505;32;99;4;3168
10306;S700_3962;30;87;5;2610
10306;S72_3212;35;48;6;1680
10307;S10_4757;22;118;9;2596
10307;S18_1662;39;136;1;5304
10307;S18_3029;31;71;7;2201
10307;S18_3856;48;92;6;4416
10307;S24_2841;25;58;2;1450
10307;S24_3420;22;64;3;1408
10307;S24_3816;22;75;8;1650
10307;S700_2047;34;81;5;2754
10307;S72_1253;34;44;4;1496
10308;S10_2016;34;115;2;3910
10308;S10_4698;20;188;1;3760
10308;S18_2581;27;82;7;2214
10308;S18_2625;34;48;3;1632
10308;S24_1785;31;100;9;3100
10308;S24_2000;47;69;4;3243
10308;S24_3949;43;58;16;2494
10308;S24_4278;44;72;8;3168
10308;S32_1374;24;100;5;2400
10308;S32_4289;46;61;10;2806
10308;S50_1341;47;37;11;1739
10308;S700_1691;21;73;12;1533
10308;S700_2466;35;89;14;3115
10308;S700_2834;31;101;6;3131
10308;S700_3167;21;79;13;1659
10308;S700_4002;39;63;15;2457
10309;S10_1678;41;95;5;3895
10309;S12_2823;26;145;4;3770
10309;S24_1578;21;97;6;2037
10309;S24_2360;24;60;2;1440
10309;S32_4485;50;94;3;4700
10309;S50_4713;28;74;1;2072
10310;S12_1099;33;165;10;5445
10310;S12_3380;24;106;8;2544
10310;S12_3990;49;77;11;3773
10310;S12_4675;25;101;7;2525
10310;S18_1129;37;129;2;4773
10310;S18_1889;20;67;6;1340
10310;S18_1984;24;129;1;3096
10310;S18_3232;48;159;3;7632
10310;S18_3278;27;71;13;1917
10310;S18_3482;49;122;12;5978
10310;S18_3782;42;59;16;2478
10310;S18_4721;40;134;15;5360
10310;S24_2972;33;33;4;1089
10310;S24_3371;38;50;9;1900
10310;S24_3856;45;139;5;6255
10310;S24_4620;49;75;14;3675
10310;S32_2206;36;39;17;1404
10311;S18_1589;29;124;9;3596
10311;S18_2870;43;115;10;4945
10311;S18_3685;32;134;11;4288
10311;S18_4409;41;92;1;3772
10311;S18_4933;25;67;2;1675
10311;S24_1046;26;71;6;1846
10311;S24_1628;45;49;8;2205
10311;S24_2766;28;89;4;2492
10311;S24_2887;43;116;3;4988
10311;S24_3191;25;86;5;2150
10311;S24_3432;46;91;7;4186
10312;S10_1949;48;214;3;10272
10312;S18_1097;32;102;2;3264
10312;S18_1342;43;103;10;4429
10312;S18_1367;25;44;9;1100
10312;S18_1749;48;146;17;7008
10312;S18_2248;30;48;16;1440
10312;S18_2325;31;112;14;3472
10312;S18_2795;25;150;11;3750
10312;S18_2949;37;91;4;3367
10312;S18_2957;35;54;6;1890
10312;S18_3136;38;93;5;3534
10312;S18_3320;33;84;8;2772
10312;S18_4668;39;44;1;1716
10312;S24_1937;39;28;13;1092
10312;S24_2022;23;43;12;989
10312;S24_3969;31;40;15;1240
10312;S24_4258;44;96;7;4224
10313;S10_4962;40;142;7;5680
10313;S12_1666;21;131;11;2751
10313;S18_2319;29;109;2;3161
10313;S18_2432;34;53;5;1802
10313;S18_3232;25;144;3;3600
10313;S18_4600;28;110;8;3080
10313;S24_2300;42;102;4;4284
10313;S32_1268;27;96;6;2592
10313;S32_2509;38;49;1;1862
10313;S32_3522;34;56;10;1904
10313;S700_2824;30;96;9;2880
10314;S12_1108;38;177;5;6726
10314;S12_3148;46;125;6;5750
10314;S12_3891;36;170;4;6120
10314;S12_4473;45;96;14;4320
10314;S18_2238;42;136;13;5712
10314;S18_3140;20;130;1;2600
10314;S18_3259;23;85;3;1955
10314;S18_4027;29;129;8;3741
10314;S24_1444;44;51;11;2244
10314;S24_2840;39;32;15;1248
10314;S24_4048;38;111;10;4218
10314;S32_3207;35;58;9;2030
10314;S50_1392;28;116;12;3248
10314;S50_1514;38;50;7;1900
10314;S700_1938;23;83;2;1909
10315;S18_4522;36;78;7;2808
10315;S24_2011;35;112;6;3920
10315;S24_3151;24;79;1;1896
10315;S700_1138;41;61;2;2501
10315;S700_3505;31;99;3;3069
10315;S700_3962;37;88;4;3256
10315;S72_3212;40;51;5;2040
10316;S10_4757;33;126;17;4158
10316;S18_1662;27;140;9;3780
10316;S18_3029;21;72;15;1512
10316;S18_3856;47;90;14;4230
10316;S24_1785;25;93;1;2325
10316;S24_2841;34;67;10;2278
10316;S24_3420;47;55;11;2585
10316;S24_3816;25;77;16;1925
10316;S24_3949;30;68;8;2040
10316;S32_4289;24;59;2;1416
10316;S50_1341;34;37;3;1258
10316;S700_1691;34;75;4;2550
10316;S700_2047;45;73;13;3285
10316;S700_2466;23;86;6;1978
10316;S700_2610;48;67;18;3216
10316;S700_3167;48;78;5;3744
10316;S700_4002;44;68;7;2992
10316;S72_1253;34;44;12;1496
10317;S24_4278;35;70;1;2450
10318;S10_1678;46;84;1;3864
10318;S10_2016;45;102;4;4590
10318;S10_4698;37;190;3;7030
10318;S18_2581;31;82;9;2542
10318;S18_2625;42;50;5;2100
10318;S24_1578;48;94;2;4512
10318;S24_2000;26;61;6;1586
10318;S32_1374;47;82;7;3854
10318;S700_2834;50;102;8;5100
10319;S12_2823;30;134;9;4020
10319;S18_3278;46;77;1;3542
10319;S18_3782;44;55;4;2420
10319;S18_4721;45;121;3;5445
10319;S24_2360;31;66;7;2046
10319;S24_4620;43;78;2;3354
10319;S32_2206;29;35;5;1015
10319;S32_4485;22;97;8;2134
10319;S50_4713;45;80;6;3600
10320;S12_1099;31;185;3;5735
10320;S12_3380;35;102;1;3570
10320;S12_3990;38;64;4;2432
10320;S18_3482;25;140;5;3500
10320;S24_3371;26;61;2;1586
10321;S12_4675;24;106;15;2544
10321;S18_1129;41;123;10;5043
10321;S18_1589;44;121;6;5324
10321;S18_1889;37;74;14;2738
10321;S18_1984;25;142;9;3550
10321;S18_2870;27;127;7;3429
10321;S18_3232;33;164;11;5412
10321;S18_3685;28;138;8;3864
10321;S24_1046;30;68;3;2040
10321;S24_1628;48;43;5;2064
10321;S24_2766;30;75;1;2250
10321;S24_2972;37;32;12;1184
10321;S24_3191;39;81;2;3159
10321;S24_3432;21;104;4;2184
10321;S24_3856;26;138;13;3588
10322;S10_1949;40;180;1;7200
10322;S10_4962;46;142;8;6532
10322;S12_1666;27;137;9;3699
10322;S18_1097;22;102;10;2244
10322;S18_1342;43;92;14;3956
10322;S18_1367;41;44;5;1804
10322;S18_2325;50;121;6;6050
10322;S18_2432;35;57;11;1995
10322;S18_2795;36;159;2;5724
10322;S18_2949;33;100;12;3300
10322;S18_2957;41;54;13;2214
10322;S18_3136;48;90;7;4320
10322;S24_1937;20;27;3;540
10322;S24_2022;30;41;4;1230
10323;S18_3320;33;88;2;2904
10323;S18_4600;47;97;1;4559
10324;S12_3148;27;148;1;3996
10324;S12_4473;26;101;7;2626
10324;S18_2238;47;142;8;6674
10324;S18_2319;33;106;10;3498
10324;S18_3232;27;137;12;3699
10324;S18_4027;49;121;13;5929
10324;S18_4668;38;50;6;1900
10324;S24_1444;25;50;14;1250
10324;S24_2300;31;107;2;3317
10324;S24_2840;30;29;9;870
10324;S24_4258;33;95;3;3135
10324;S32_1268;20;91;11;1820
10324;S32_3522;48;61;4;2928
10324;S700_2824;34;81;5;2754
10325;S10_4757;47;112;6;5264
10325;S12_1108;42;193;8;8106
10325;S12_3891;24;166;1;3984
10325;S18_3140;24;115;9;2760
10325;S24_4048;44;115;5;5060
10325;S32_2509;38;44;3;1672
10325;S32_3207;28;55;2;1540
10325;S50_1392;38;100;4;3800
10325;S50_1514;44;56;7;2464
10326;S18_3259;32;95;6;3040
10326;S18_4522;50;74;5;3700
10326;S24_2011;41;120;4;4920
10326;S24_3151;41;87;3;3567
10326;S24_3816;20;81;2;1620
10326;S700_1138;39;61;1;2379
10327;S18_1662;25;155;6;3875
10327;S18_2581;45;74;8;3330
10327;S18_3029;25;75;5;1875
10327;S700_1938;20;80;7;1600
10327;S700_2610;21;65;1;1365
10327;S700_3505;43;85;2;3655
10327;S700_3962;37;83;3;3071
10327;S72_3212;37;48;4;1776
10328;S18_3856;34;105;6;3570
10328;S24_1785;47;88;14;4136
10328;S24_2841;48;68;1;3264
10328;S24_3420;20;57;2;1140
10328;S24_3949;35;56;3;1960
10328;S24_4278;43;70;4;3010
10328;S32_4289;24;57;5;1368
10328;S50_1341;34;42;7;1428
10328;S700_1691;27;84;8;2268
10328;S700_2047;41;75;9;3075
10328;S700_2466;37;96;10;3552
10328;S700_2834;33;117;11;3861
10328;S700_3167;33;71;13;2343
10328;S700_4002;39;70;12;2730
10329;S10_1678;42;80;1;3360
10329;S10_2016;20;109;2;2180
10329;S10_4698;26;165;3;4290
10329;S12_1099;41;183;5;7503
10329;S12_2823;24;128;6;3072
10329;S12_3380;46;117;13;5382
10329;S12_3990;33;74;14;2442
10329;S12_4675;39;102;15;3978
10329;S18_1889;29;66;9;1914
10329;S18_2625;38;56;12;2128
10329;S18_3278;38;65;10;2470
10329;S24_1578;30;105;7;3150
10329;S24_2000;37;72;4;2664
10329;S32_1374;45;81;11;3645
10329;S72_1253;44;41;8;1804
10330;S18_3482;37;137;3;5069
10330;S18_3782;29;59;2;1711
10330;S18_4721;50;134;4;6700
10330;S24_2360;42;56;1;2352
10331;S18_1129;46;120;6;5520
10331;S18_1589;44;100;14;4400
10331;S18_1749;44;155;7;6820
10331;S18_1984;30;135;8;4050
10331;S18_2870;26;131;10;3406
10331;S18_3232;27;169;11;4563
10331;S18_3685;26;133;12;3458
10331;S24_2972;27;37;13;999
10331;S24_3371;25;55;9;1375
10331;S24_3856;21;139;1;2919
10331;S24_4620;41;70;2;2870
10331;S32_2206;28;33;3;924
10331;S32_4485;32;100;4;3200
10331;S50_4713;20;74;5;1480
10332;S18_1342;46;89;15;4094
10332;S18_1367;27;51;16;1377
10332;S18_2248;38;54;9;2052
10332;S18_2325;35;117;8;4095
10332;S18_2795;24;138;1;3312
10332;S18_2957;26;53;17;1378
10332;S18_3136;40;101;18;4040
10332;S18_4409;50;92;2;4600
10332;S18_4933;21;71;3;1491
10332;S24_1046;23;62;4;1426
10332;S24_1628;20;47;5;940
10332;S24_1937;45;30;6;1350
10332;S24_2022;26;43;10;1118
10332;S24_2766;39;85;7;3315
10332;S24_2887;44;108;11;4752
10332;S24_3191;45;78;12;3510
10332;S24_3432;31;94;13;2914
10332;S24_3969;41;34;14;1394
10333;S10_1949;26;189;3;4914
10333;S12_1666;33;122;6;4026
10333;S18_1097;29;111;7;3219
10333;S18_2949;31;95;5;2945
10333;S18_3320;46;95;2;4370
10333;S18_4668;24;42;8;1008
10333;S24_4258;39;95;1;3705
10333;S32_3522;33;62;4;2046
10334;S10_4962;26;130;2;3380
10334;S18_2319;46;108;6;4968
10334;S18_2432;34;53;1;1802
10334;S18_3232;20;147;3;2940
10334;S18_4600;49;102;4;4998
10334;S24_2300;42;118;5;4956
10335;S24_2840;33;33;2;1089
10335;S32_1268;44;77;1;3388
10335;S32_2509;40;50;3;2000
10336;S12_1108;33;177;10;5841
10336;S12_3148;33;127;11;4191
10336;S12_3891;49;142;1;6958
10336;S12_4473;38;96;3;3648
10336;S18_2238;49;154;6;7546
10336;S18_3140;48;135;12;6480
10336;S18_3259;21;101;7;2121
10336;S24_1444;45;50;4;2250
10336;S24_4048;31;114;5;3534
10336;S32_3207;31;59;9;1829
10336;S50_1392;23;110;8;2530
10336;S700_2824;46;94;2;4324
10337;S10_4757;25;132;8;3300
10337;S18_4027;36;141;3;5076
10337;S18_4522;29;76;2;2204
10337;S24_2011;29;119;4;3451
10337;S50_1514;21;54;6;1134
10337;S700_1938;36;74;9;2664
10337;S700_3505;31;84;1;2604
10337;S700_3962;36;83;7;2988
10337;S72_3212;42;49;5;2058
10338;S18_1662;41;137;1;5617
10338;S18_3029;28;81;3;2268
10338;S18_3856;45;93;2;4185
10339;S10_2016;40;118;4;4720
10339;S10_4698;39;178;3;6942
10339;S18_2581;27;79;2;2133
10339;S18_2625;30;48;1;1440
10339;S24_1578;27;97;10;2619
10339;S24_1785;21;106;7;2226
10339;S24_2841;55;68;12;3740
10339;S24_3151;55;73;13;4015
10339;S24_3420;29;58;14;1682
10339;S24_3816;42;73;16;3066
10339;S24_3949;45;57;11;2565
10339;S700_1138;22;53;5;1166
10339;S700_2047;55;87;15;4785
10339;S700_2610;50;62;9;3100
10339;S700_4002;50;67;8;3350
10339;S72_1253;27;50;6;1350
10340;S24_2000;55;62;8;3410
10340;S24_4278;40;64;1;2560
10340;S32_1374;55;96;2;5280
10340;S32_4289;39;67;3;2613
10340;S50_1341;40;37;4;1480
10340;S700_1691;30;74;5;2220
10340;S700_2466;55;82;7;4510
10340;S700_2834;29;98;6;2842
10341;S10_1678;41;84;9;3444
10341;S12_1099;45;193;2;8685
10341;S12_2823;55;121;8;6655
10341;S12_3380;44;112;1;4928
10341;S12_3990;36;77;10;2772
10341;S12_4675;55;109;7;5995
10341;S24_2360;32;63;6;2016
10341;S32_4485;31;96;4;2976
10341;S50_4713;38;78;3;2964
10341;S700_3167;34;70;5;2380
10342;S18_1129;40;119;2;4760
10342;S18_1889;55;63;1;3465
10342;S18_1984;22;115;3;2530
10342;S18_3232;30;168;4;5040
10342;S18_3278;25;76;5;1900
10342;S18_3482;55;137;7;7535
10342;S18_3782;26;58;8;1508
10342;S18_4721;38;125;11;4750
10342;S24_2972;39;31;9;1209
10342;S24_3371;48;60;10;2880
10342;S24_3856;42;112;6;4704
10343;S18_1589;36;110;4;3960
10343;S18_2870;25;119;3;2975
10343;S18_3685;44;127;2;5588
10343;S24_1628;27;45;6;1215
10343;S24_4620;30;77;1;2310
10343;S32_2206;29;37;5;1073
10344;S18_1749;45;168;1;7560
10344;S18_2248;40;49;2;1960
10344;S18_2325;30;118;3;3540
10344;S18_4409;21;81;4;1701
10344;S18_4933;26;68;5;1768
10344;S24_1046;29;61;7;1769
10344;S24_1937;20;28;6;560
10345;S24_2022;43;39;1;1677
10346;S18_1342;42;88;3;3696
10346;S24_2766;25;87;1;2175
10346;S24_2887;24;117;5;2808
10346;S24_3191;24;80;2;1920
10346;S24_3432;26;104;6;2704
10346;S24_3969;22;39;4;858
10347;S10_1949;30;189;1;5670
10347;S10_4962;27;133;2;3591
10347;S12_1666;29;133;3;3857
10347;S18_1097;42;113;5;4746
10347;S18_1367;21;46;7;966
10347;S18_2432;50;51;8;2550
10347;S18_2795;21;137;6;2877
10347;S18_2949;48;84;9;4032
10347;S18_2957;34;61;10;2074
10347;S18_3136;45;95;11;4275
10347;S18_3320;26;84;12;2184
10347;S18_4600;45;115;4;5175
10348;S12_1108;48;208;8;9984
10348;S12_3148;47;122;4;5734
10348;S18_4668;29;44;6;1276
10348;S24_2300;37;107;1;3959
10348;S24_4258;39;83;2;3237
10348;S32_1268;42;91;3;3822
10348;S32_3522;31;63;5;1953
10348;S700_2824;32;100;7;3200
10349;S12_3891;26;166;10;4316
10349;S12_4473;48;115;9;5520
10349;S18_2238;38;142;8;5396
10349;S18_2319;38;118;7;4484
10349;S18_3232;48;164;6;7872
10349;S18_4027;34;141;5;4794
10349;S24_1444;48;50;4;2400
10349;S24_2840;36;31;3;1116
10349;S24_4048;23;111;2;2553
10349;S32_2509;33;44;1;1452
10350;S10_4757;26;110;5;2860
10350;S18_3029;43;84;6;3612
10350;S18_3140;44;135;1;5940
10350;S18_3259;41;95;2;3895
10350;S18_4522;30;70;3;2100
10350;S24_2011;34;98;7;3332
10350;S24_3151;30;87;9;2610
10350;S24_3816;25;77;10;1925
10350;S32_3207;27;62;14;1674
10350;S50_1392;31;104;8;3224
10350;S50_1514;44;57;17;2508
10350;S700_1138;46;56;11;2576
10350;S700_1938;28;76;4;2128
10350;S700_2610;29;69;12;2001
10350;S700_3505;31;87;13;2697
10350;S700_3962;25;97;16;2425
10350;S72_3212;20;48;15;960
10351;S18_1662;39;144;1;5616
10351;S18_3856;20;105;2;2100
10351;S24_2841;25;64;5;1600
10351;S24_3420;38;54;4;2052
10351;S24_3949;34;68;3;2312
10352;S700_2047;23;75;3;1725
10352;S700_2466;49;88;2;4312
10352;S700_4002;22;62;1;1364
10352;S72_1253;49;46;4;2254
10353;S18_2581;27;72;1;1944
10353;S24_1785;28;107;2;2996
10353;S24_4278;35;70;3;2450
10353;S32_1374;46;87;5;4002
10353;S32_4289;40;68;7;2720
10353;S50_1341;40;36;8;1440
10353;S700_1691;39;73;9;2847
10353;S700_2834;48;98;4;4704
10353;S700_3167;43;74;6;3182
10354;S10_1678;42;84;6;3528
10354;S10_2016;20;95;2;1900
10354;S10_4698;42;178;3;7476
10354;S12_1099;31;158;9;4898
10354;S12_2823;35;142;4;4970
10354;S12_3380;29;99;11;2871
10354;S12_3990;23;77;12;1771
10354;S12_4675;28;100;13;2800
10354;S18_1889;21;76;8;1596
10354;S18_2625;28;49;10;1372
10354;S18_3278;36;69;7;2484
10354;S24_1578;21;97;5;2037
10354;S24_2000;28;62;1;1736
10355;S18_3482;23;118;7;2714
10355;S18_3782;31;60;1;1860
10355;S18_4721;25;125;2;3125
10355;S24_2360;41;56;3;2296
10355;S24_2972;36;37;4;1332
10355;S24_3371;44;61;6;2684
10355;S24_3856;32;138;8;4416
10355;S24_4620;28;75;9;2100
10355;S32_2206;38;33;10;1254
10355;S32_4485;40;94;5;3760
10356;S18_1129;43;120;8;5160
10356;S18_1342;50;82;9;4100
10356;S18_1367;22;45;6;990
10356;S18_1984;27;131;2;3537
10356;S18_2325;29;107;3;3103
10356;S18_2795;30;159;1;4770
10356;S24_1937;48;32;5;1536
10356;S24_2022;26;42;7;1092
10356;S50_4713;26;78;4;2028
10357;S10_1949;32;199;10;6368
10357;S10_4962;43;136;9;5848
10357;S12_1666;49;109;8;5341
10357;S18_1097;39;112;1;4368
10357;S18_2432;41;59;7;2419
10357;S18_2949;41;91;6;3731
10357;S18_2957;49;59;5;2891
10357;S18_3136;44;105;4;4620
10357;S18_3320;25;84;3;2100
10357;S18_4600;28;105;2;2940
10358;S12_3148;49;130;5;6370
10358;S12_4473;42;98;9;4116
10358;S18_2238;20;142;10;2840
10358;S18_2319;20;99;11;1980
10358;S18_3232;32;137;12;4384
10358;S18_4027;25;118;13;2950
10358;S18_4668;30;46;8;1380
10358;S24_1444;44;56;14;2464
10358;S24_2300;41;128;7;5248
10358;S24_2840;36;34;4;1224
10358;S24_4258;41;89;6;3649
10358;S32_1268;41;83;1;3403
10358;S32_3522;36;52;2;1872
10358;S700_2824;27;86;3;2322
10359;S10_4757;48;122;6;5856
10359;S12_1108;42;181;8;7602
10359;S12_3891;49;163;5;7987
10359;S24_4048;22;109;7;2398
10359;S32_2509;36;45;3;1620
10359;S32_3207;22;62;1;1364
10359;S50_1392;46;100;2;4600
10359;S50_1514;25;47;4;1175
10360;S18_1662;50;126;12;6300
10360;S18_2581;41;68;13;2788
10360;S18_3029;46;71;14;3266
10360;S18_3140;29;123;8;3567
10360;S18_3259;29;95;18;2755
10360;S18_3856;40;102;15;4080
10360;S18_4522;40;76;1;3040
10360;S24_1785;22;106;17;2332
10360;S24_2011;31;101;2;3131
10360;S24_2841;49;55;16;2695
10360;S24_3151;36;71;3;2556
10360;S24_3816;22;79;4;1738
10360;S700_1138;32;65;5;2080
10360;S700_1938;26;87;6;2262
10360;S700_2610;30;70;7;2100
10360;S700_3505;35;83;9;2905
10360;S700_3962;31;92;10;2852
10360;S72_3212;31;54;11;1674
10361;S10_1678;20;93;13;1860
10361;S10_2016;26;114;8;2964
10361;S24_3420;34;62;6;2108
10361;S24_3949;26;61;7;1586
10361;S24_4278;25;69;1;1725
10361;S32_4289;49;56;2;2744
10361;S50_1341;33;36;3;1188
10361;S700_1691;20;89;4;1780
10361;S700_2047;24;86;14;2064
10361;S700_2466;26;92;9;2392
10361;S700_2834;44;108;5;4752
10361;S700_3167;44;77;10;3388
10361;S700_4002;35;62;11;2170
10361;S72_1253;23;48;12;1104
10362;S10_4698;22;182;4;4004
10362;S12_2823;22;131;1;2882
10362;S18_2625;23;54;3;1242
10362;S24_1578;50;91;2;4550
10363;S12_1099;33;181;3;5973
10363;S12_3380;34;107;4;3638
10363;S12_3990;34;69;5;2346
10363;S12_4675;46;104;6;4784
10363;S18_1889;22;62;7;1364
10363;S18_3278;46;69;10;3174
10363;S18_3482;24;125;11;3000
10363;S18_3782;32;52;12;1664
10363;S18_4721;28;124;13;3472
10363;S24_2000;21;70;8;1470
10363;S24_2360;43;56;14;2408
10363;S24_3371;21;52;15;1092
10363;S24_3856;31;114;1;3534
10363;S24_4620;43;76;9;3268
10363;S32_1374;50;93;2;4650
10364;S32_2206;48;38;1;1824
10365;S18_1129;30;116;1;3480
10365;S32_4485;22;83;3;1826
10365;S50_4713;44;68;2;2992
10366;S18_1984;34;117;3;3978
10366;S18_2870;49;106;2;5194
10366;S18_3232;34;154;1;5236
10367;S18_1589;49;106;1;5194
10367;S18_1749;37;145;3;5365
10367;S18_2248;45;50;4;2250
10367;S18_2325;27;125;5;3375
10367;S18_2795;32;140;7;4480
10367;S18_3685;46;131;6;6026
10367;S18_4409;43;77;8;3311
10367;S18_4933;44;67;9;2948
10367;S24_1046;21;73;10;1533
10367;S24_1628;38;50;11;1900
10367;S24_1937;23;30;13;690
10367;S24_2022;28;43;12;1204
10367;S24_2972;36;36;2;1296
10368;S24_2766;40;74;2;2960
10368;S24_2887;31;115;5;3565
10368;S24_3191;46;83;1;3818
10368;S24_3432;20;93;4;1860
10368;S24_3969;46;37;3;1702
10369;S10_1949;41;195;2;7995
10369;S18_1342;44;89;8;3916
10369;S18_1367;32;46;7;1472
10369;S18_2949;42;100;1;4200
10369;S18_2957;28;52;6;1456
10369;S18_3136;21;90;5;1890
10369;S18_3320;45;80;4;3600
10369;S24_4258;40;93;3;3720
10370;S10_4962;35;129;4;4515
10370;S12_1666;49;128;8;6272
10370;S18_1097;27;100;1;2700
10370;S18_2319;22;102;5;2244
10370;S18_2432;22;60;7;1320
10370;S18_3232;27;168;9;4536
10370;S18_4600;29;105;6;3045
10370;S18_4668;20;42;2;840
10370;S32_3522;25;64;3;1600
10371;S12_1108;32;179;6;5728
10371;S12_4473;49;104;4;5096
10371;S18_2238;25;160;7;4000
10371;S24_1444;25;54;12;1350
10371;S24_2300;20;127;5;2540
10371;S24_2840;45;35;8;1575
10371;S24_4048;28;96;9;2688
10371;S32_1268;26;83;1;2158
10371;S32_2509;20;44;2;880
10371;S32_3207;30;53;11;1590
10371;S50_1392;48;97;10;4656
10371;S700_2824;34;84;3;2856
10372;S12_3148;40;147;4;5880
10372;S12_3891;34;140;1;4760
10372;S18_3140;28;131;3;3668
10372;S18_3259;25;92;5;2300
10372;S18_4027;48;119;6;5712
10372;S18_4522;41;79;7;3239
10372;S24_2011;37;102;8;3774
10372;S50_1514;24;57;9;1368
10372;S700_1938;44;74;2;3256
10373;S10_4757;39;118;3;4602
10373;S18_1662;28;144;4;4032
10373;S18_3029;22;76;5;1672
10373;S18_3856;50;100;6;5000
10373;S24_2841;38;59;7;2242
10373;S24_3151;33;82;12;2706
10373;S24_3420;46;54;11;2484
10373;S24_3816;23;84;10;1932
10373;S24_3949;39;62;13;2418
10373;S700_1138;44;58;14;2552
10373;S700_2047;32;77;15;2464
10373;S700_2610;41;69;16;2829
10373;S700_3505;34;94;2;3196
10373;S700_3962;37;83;8;3071
10373;S700_4002;45;68;17;3060
10373;S72_1253;25;44;9;1100
10373;S72_3212;29;48;1;1392
10374;S10_2016;39;115;5;4485
10374;S10_4698;22;159;1;3498
10374;S18_2581;42;75;2;3150
10374;S18_2625;22;48;4;1056
10374;S24_1578;38;113;6;4294
10374;S24_1785;46;107;3;4922
10375;S10_1678;21;77;12;1617
10375;S12_1099;45;185;7;8325
10375;S12_2823;49;151;13;7399
10375;S24_2000;23;67;9;1541
10375;S24_2360;20;60;14;1200
10375;S24_4278;43;60;2;2580
10375;S32_1374;37;88;3;3256
10375;S32_4289;44;60;4;2640
10375;S32_4485;41;97;15;3977
10375;S50_1341;49;36;5;1764
10375;S50_4713;49;69;8;3381
10375;S700_1691;37;87;6;3219
10375;S700_2466;33;95;1;3135
10375;S700_2834;25;98;10;2450
10375;S700_3167;44;70;11;3080
10376;S12_3380;35;99;1;3465
10377;S12_3990;24;65;5;1560
10377;S12_4675;50;113;1;5650
10377;S18_1129;35;125;2;4375
10377;S18_1889;31;62;4;1922
10377;S18_1984;36;125;6;4500
10377;S18_3232;39;144;3;5616
10378;S18_1589;34;122;5;4148
10378;S18_3278;22;67;4;1474
10378;S18_3482;43;147;10;6321
10378;S18_3782;28;60;9;1680
10378;S18_4721;49;122;8;5978
10378;S24_2972;41;31;7;1271
10378;S24_3371;46;53;6;2438
10378;S24_3856;33;129;3;4257
10378;S24_4620;41;81;2;3321
10378;S32_2206;40;36;1;1440
10379;S18_1749;39;156;2;6084
10379;S18_2248;27;51;1;1377
10379;S18_2870;29;114;5;3306
10379;S18_3685;32;134;4;4288
10379;S24_1628;32;49;3;1568
10380;S18_1342;27;88;13;2376
10380;S18_2325;40;120;10;4800
10380;S18_2795;21;157;8;3297
10380;S18_4409;32;78;1;2496
10380;S18_4933;24;67;2;1608
10380;S24_1046;34;67;3;2278
10380;S24_1937;32;30;4;960
10380;S24_2022;27;38;5;1026
10380;S24_2766;36;77;6;2772
10380;S24_2887;44;112;7;4928
10380;S24_3191;44;77;9;3388
10380;S24_3432;34;91;11;3094
10380;S24_3969;43;33;12;1419
10381;S10_1949;36;182;3;6552
10381;S10_4962;37;139;6;5143
10381;S12_1666;20;133;1;2660
10381;S18_1097;48;114;2;5472
10381;S18_1367;25;50;9;1250
10381;S18_2432;35;61;7;2135
10381;S18_2949;41;100;8;4100
10381;S18_2957;40;51;4;2040
10381;S18_3136;35;93;5;3255
10382;S12_1108;34;166;10;5644
10382;S12_3148;37;145;11;5365
10382;S12_3891;34;144;12;4896
10382;S12_4473;32;103;13;3296
10382;S18_2238;25;160;5;4000
10382;S18_3320;50;84;7;4200
10382;S18_4600;39;115;1;4485
10382;S18_4668;39;46;2;1794
10382;S24_2300;20;120;3;2400
10382;S24_4258;33;97;4;3201
10382;S32_1268;26;86;6;2236
10382;S32_3522;48;58;8;2784
10382;S700_2824;34;101;9;3434
10383;S18_2319;27;119;11;3213
10383;S18_3140;24;126;9;3024
10383;S18_3232;47;156;6;7332
10383;S18_3259;26;84;12;2184
10383;S18_4027;38;138;1;5244
10383;S18_4522;28;77;7;2156
10383;S24_1444;22;53;2;1166
10383;S24_2840;40;33;3;1320
10383;S24_4048;21;117;4;2457
10383;S32_2509;32;54;5;1728
10383;S32_3207;44;56;8;2464
10383;S50_1392;29;95;13;2755
10383;S50_1514;38;49;10;1862
10384;S10_4757;34;129;4;4386
10384;S24_2011;28;114;3;3192
10384;S24_3151;43;72;2;3096
10384;S700_1938;49;71;1;3479
10385;S24_3816;37;79;2;2923
10385;S700_1138;25;62;1;1550
10386;S18_1662;25;131;7;3275
10386;S18_2581;21;73;18;1533
10386;S18_3029;37;73;5;2701
10386;S18_3856;22;101;6;2222
10386;S24_1785;33;102;11;3366
10386;S24_2841;39;57;1;2223
10386;S24_3420;35;55;9;1925
10386;S24_3949;41;56;12;2296
10386;S24_4278;50;72;8;3600
10386;S700_2047;29;85;13;2465
10386;S700_2466;37;91;14;3367
10386;S700_2610;37;67;10;2479
10386;S700_3167;32;68;17;2176
10386;S700_3505;45;83;2;3735
10386;S700_3962;30;80;3;2400
10386;S700_4002;44;59;15;2596
10386;S72_1253;50;48;16;2400
10386;S72_3212;43;52;4;2236
10387;S32_1374;44;80;1;3520
10388;S10_1678;42;80;4;3360
10388;S10_2016;50;119;5;5950
10388;S10_4698;21;157;7;3297
10388;S12_2823;44;125;6;5500
10388;S32_4289;35;58;8;2030
10388;S50_1341;27;41;1;1107
10388;S700_1691;46;75;2;3450
10388;S700_2834;50;112;3;5600
10389;S12_1099;26;183;4;4758
10389;S12_3380;25;95;6;2375
10389;S12_3990;36;77;7;2772
10389;S12_4675;47;102;8;4794
10389;S18_1889;49;64;3;3136
10389;S18_2625;39;52;5;2028
10389;S24_1578;45;113;1;5085
10389;S24_2000;49;62;2;3038
10390;S18_1129;36;117;14;4212
10390;S18_1984;34;132;15;4488
10390;S18_2325;31;103;16;3193
10390;S18_2795;26;162;7;4212
10390;S18_3278;40;76;9;3040
10390;S18_3482;50;135;1;6750
10390;S18_3782;36;54;2;1944
10390;S18_4721;49;122;3;5978
10390;S24_2360;35;68;4;2380
10390;S24_2972;37;36;5;1332
10390;S24_3371;46;51;6;2346
10390;S24_3856;45;135;8;6075
10390;S24_4620;30;66;10;1980
10390;S32_2206;41;39;11;1599
10390;S32_4485;45;101;12;4545
10390;S50_4713;22;81;13;1782
10391;S10_1949;24;195;4;4680
10391;S10_4962;37;121;7;4477
10391;S12_1666;39;111;9;4329
10391;S18_1097;29;114;10;3306
10391;S18_1342;35;103;2;3605
10391;S18_1367;42;47;3;1974
10391;S18_2432;44;58;5;2552
10391;S18_2949;32;99;6;3168
10391;S24_1937;33;27;8;891
10391;S24_2022;24;36;1;864
10392;S18_2957;37;61;3;2257
10392;S18_3136;29;104;2;3016
10392;S18_3320;36;98;1;3528
10393;S12_3148;35;145;8;5075
10393;S12_4473;32;100;10;3200
10393;S18_2238;20;138;11;2760
10393;S18_2319;38;104;7;3952
10393;S18_4600;30;107;9;3210
10393;S18_4668;44;42;1;1848
10393;S24_2300;33;112;2;3696
10393;S24_4258;33;89;3;2937
10393;S32_1268;38;85;4;3230
10393;S32_3522;31;63;5;1953
10393;S700_2824;21;84;6;1764
10394;S18_3232;22;135;5;2970
10394;S18_4027;37;125;1;4625
10394;S24_1444;31;53;2;1643
10394;S24_2840;46;35;6;1610
10394;S24_4048;37;104;7;3848
10394;S32_2509;36;47;3;1692
10394;S32_3207;30;56;4;1680
10395;S10_4757;32;125;2;4000
10395;S12_1108;33;206;1;6798
10395;S50_1392;46;98;4;4508
10395;S50_1514;45;58;3;2610
10396;S12_3891;33;156;3;5148
10396;S18_3140;33;130;2;4290
10396;S18_3259;24;92;4;2208
10396;S18_4522;45;83;5;3735
10396;S24_2011;49;101;6;4949
10396;S24_3151;27;77;7;2079
10396;S24_3816;37;78;8;2886
10396;S700_1138;39;62;1;2418
10397;S700_1938;32;69;5;2208
10397;S700_2610;22;63;4;1386
10397;S700_3505;48;86;3;4128
10397;S700_3962;36;80;2;2880
10397;S72_3212;34;53;1;1802
10398;S18_1662;33;131;11;4323
10398;S18_2581;34;83;15;2822
10398;S18_3029;28;71;18;1988
10398;S18_3856;45;92;17;4140
10398;S24_1785;43;101;16;4343
10398;S24_2841;28;60;3;1680
10398;S24_3420;34;61;13;2074
10398;S24_3949;41;57;2;2337
10398;S24_4278;45;66;14;2970
10398;S32_4289;22;61;4;1342
10398;S50_1341;49;39;5;1911
10398;S700_1691;47;79;6;3713
10398;S700_2047;36;75;7;2700
10398;S700_2466;22;99;8;2178
10398;S700_2834;23;102;9;2346
10398;S700_3167;29;77;10;2233
10398;S700_4002;36;62;12;2232
10398;S72_1253;34;41;1;1394
10399;S10_1678;40;78;8;3120
10399;S10_2016;51;100;7;5100
10399;S10_4698;22;157;6;3454
10399;S12_2823;29;124;5;3596
10399;S18_2625;30;51;4;1530
10399;S24_1578;57;105;3;5985
10399;S24_2000;58;75;2;4350
10399;S32_1374;32;98;1;3136
10400;S10_4757;64;135;9;8640
10400;S18_1662;34;129;1;4386
10400;S18_3029;30;75;7;2250
10400;S18_3856;58;89;6;5162
10400;S24_2841;24;55;2;1320
10400;S24_3420;38;59;3;2242
10400;S24_3816;42;75;8;3150
10400;S700_2047;46;82;5;3772
10400;S72_1253;20;42;4;840
10401;S18_2581;42;75;3;3150
10401;S24_1785;38;88;5;3344
10401;S24_3949;64;59;12;3776
10401;S24_4278;52;66;4;3432
10401;S32_1374;49;82;1;4018
10401;S32_4289;62;63;6;3906
10401;S50_1341;56;41;7;2296
10401;S700_1691;11;78;8;858
10401;S700_2466;85;99;10;8415
10401;S700_2834;21;96;2;2016
10401;S700_3167;77;74;9;5698
10401;S700_4002;40;67;11;2680
10402;S10_2016;45;119;1;5355
10402;S18_2625;55;58;2;3190
10402;S24_2000;59;62;3;3658
10403;S10_1678;24;85;7;2040
10403;S10_4698;66;174;9;11484
10403;S12_2823;66;122;6;8052
10403;S18_3782;36;55;1;1980
10403;S24_1578;46;109;8;5014
10403;S24_2360;27;57;4;1539
10403;S32_2206;30;36;2;1080
10403;S32_4485;45;89;5;4005
10403;S50_4713;31;65;3;2015
10404;S12_1099;64;163;3;10432
10404;S12_3380;43;102;1;4386
10404;S12_3990;77;67;4;5159
10404;S18_3278;90;68;6;6120
10404;S18_3482;28;128;5;3584
10404;S18_4721;48;125;8;6000
10404;S24_3371;49;53;2;2597
10404;S24_4620;48;65;7;3120
10405;S12_4675;97;115;5;11155
10405;S18_1889;61;72;4;4392
10405;S18_3232;55;147;1;8085
10405;S24_2972;47;37;2;1739
10405;S24_3856;76;128;3;9728
10406;S18_1129;61;125;3;7625
10406;S18_1984;48;134;2;6432
10406;S18_3685;65;117;1;7605
10407;S18_1589;59;114;11;6726
10407;S18_1749;76;141;2;10716
10407;S18_2248;42;58;1;2436
10407;S18_2870;41;132;12;5412
10407;S18_4409;6;91;3;546
10407;S18_4933;66;64;4;4224
10407;S24_1046;26;68;8;1768
10407;S24_1628;64;46;10;2944
10407;S24_2766;76;82;6;6232
10407;S24_2887;59;99;5;5841
10407;S24_3191;13;77;7;1001
10407;S24_3432;43;102;9;4386
10408;S24_3969;15;41;1;615
10409;S18_2325;6;104;2;624
10409;S24_1937;61;28;1;1708
10410;S18_1342;65;100;7;6500
10410;S18_1367;44;51;6;2244
10410;S18_2795;56;145;8;8120
10410;S18_2949;47;93;1;4371
10410;S18_2957;53;50;3;2650
10410;S18_3136;34;85;2;2890
10410;S18_3320;44;81;5;3564
10410;S24_2022;31;43;9;1333
10410;S24_4258;50;95;4;4750
10411;S10_1949;23;206;9;4738
10411;S10_4962;27;145;2;3915
10411;S12_1666;40;111;6;4440
10411;S18_1097;27;110;8;2970
10411;S18_4600;46;107;3;4922
10411;S18_4668;35;41;7;1435
10411;S32_1268;26;78;1;2028
10411;S32_3522;27;61;5;1647
10411;S700_2824;34;89;4;3026
10412;S12_4473;54;101;5;5454
10412;S18_2238;41;151;4;6191
10412;S18_2319;56;120;8;6720
10412;S18_2432;47;50;11;2350
10412;S18_3232;60;157;9;9420
10412;S24_1444;21;47;2;987
10412;S24_2300;70;110;10;7700
10412;S24_2840;30;33;6;990
10412;S24_4048;31;109;1;3379
10412;S32_2509;19;51;7;969
10412;S50_1392;26;105;3;2730
10413;S12_1108;36;202;2;7272
10413;S12_3148;47;145;3;6815
10413;S12_3891;22;173;1;3806
10413;S18_4027;49;134;5;6566
10413;S32_3207;24;57;6;1368
10413;S50_1514;51;53;4;2703
10414;S10_4757;49;114;3;5586
10414;S18_3029;44;77;1;3388
10414;S18_3140;41;128;12;5248
10414;S18_3259;48;86;14;4128
10414;S18_4522;56;83;11;4648
10414;S24_2011;43;108;10;4644
10414;S24_3151;60;73;5;4380
10414;S24_3816;51;73;2;3723
10414;S700_1138;37;62;6;2294
10414;S700_1938;34;74;13;2516
10414;S700_2610;31;61;4;1891
10414;S700_3505;28;84;7;2352
10414;S700_3962;40;84;8;3360
10414;S72_3212;47;55;9;2585
10415;S18_3856;51;87;5;4437
10415;S24_2841;21;61;1;1281
10415;S24_3420;18;60;2;1080
10415;S700_2047;32;73;4;2336
10415;S72_1253;42;43;3;1806
10416;S18_1662;24;129;14;3096
10416;S18_2581;15;71;4;1065
10416;S24_1785;47;91;6;4277
10416;S24_2000;32;62;1;1984
10416;S24_3949;18;65;13;1170
10416;S24_4278;48;70;5;3360
10416;S32_1374;45;87;2;3915
10416;S32_4289;26;68;7;1768
10416;S50_1341;37;40;8;1480
10416;S700_1691;23;89;9;2047
10416;S700_2466;22;85;11;1870
10416;S700_2834;41;98;3;4018
10416;S700_3167;39;66;10;2574
10416;S700_4002;43;64;12;2752
10417;S10_1678;66;79;2;5214
10417;S10_2016;45;117;5;5265
10417;S10_4698;56;163;4;9128
10417;S12_2823;21;145;1;3045
10417;S18_2625;36;59;6;2124
10417;S24_1578;35;109;3;3815
10418;S18_3278;16;71;2;1136
10418;S18_3482;27;140;1;3780
10418;S18_3782;33;57;5;1881
10418;S18_4721;28;121;4;3388
10418;S24_2360;52;64;8;3328
10418;S24_4620;10;66;3;660
10418;S32_2206;43;37;6;1591
10418;S32_4485;50;100;9;5000
10418;S50_4713;40;72;7;2880
10419;S12_1099;12;183;13;2196
10419;S12_3380;10;112;11;1120
10419;S12_3990;34;65;14;2210
10419;S12_4675;32;99;10;3168
10419;S18_1129;38;117;5;4446
10419;S18_1589;37;101;1;3737
10419;S18_1889;39;68;9;2652
10419;S18_1984;34;134;4;4556
10419;S18_2870;55;116;2;6380
10419;S18_3232;35;166;6;5810
10419;S18_3685;43;114;3;4902
10419;S24_2972;15;32;7;480
10419;S24_3371;55;53;12;2915
10419;S24_3856;70;112;8;7840
10420;S18_1749;37;153;5;5661
10420;S18_2248;36;52;4;1872
10420;S18_2325;45;117;2;5265
10420;S18_4409;66;74;6;4884
10420;S18_4933;36;68;7;2448
10420;S24_1046;60;60;11;3600
10420;S24_1628;37;49;13;1813
10420;S24_1937;45;32;1;1440
10420;S24_2766;39;76;9;2964
10420;S24_2887;55;115;8;6325
10420;S24_3191;35;77;10;2695
10420;S24_3432;26;105;12;2730
10420;S24_3969;15;35;3;525
10421;S18_2795;35;167;1;5845
10421;S24_2022;40;45;2;1800
10422;S18_1342;51;91;2;4641
10422;S18_1367;25;47;1;1175
10423;S18_2949;10;89;1;890
10423;S18_2957;31;56;3;1736
10423;S18_3136;21;98;2;2058
10423;S18_3320;21;80;5;1680
10423;S24_4258;28;79;4;2212
10424;S10_1949;50;201;6;10050
10424;S12_1666;49;122;3;5978
10424;S18_1097;54;109;5;5886
10424;S18_4668;26;40;4;1040
10424;S32_3522;44;55;2;2420
10424;S700_2824;46;86;1;3956
10425;S10_4962;38;131;12;4978
10425;S12_4473;33;96;4;3168
10425;S18_2238;28;147;3;4116
10425;S18_2319;38;118;7;4484
10425;S18_2432;19;49;10;931
10425;S18_3232;28;141;8;3948
10425;S18_4600;38;108;13;4104
10425;S24_1444;55;54;1;2970
10425;S24_2300;49;128;9;6272
10425;S24_2840;31;32;5;992
10425;S32_1268;41;84;11;3444
10425;S32_2509;11;50;6;550
10425;S50_1392;18;95;2;1710
